0.04343;0.00025;1.56515;0.03417;-0.00274;-0.02084;0.02100
0.02711;-0.00150;1.62591;0.03407;-0.00257;-0.02072;0.02100
0.03916;-0.00546;1.70933;0.03421;-0.00238;-0.02093;0.02100
0.02435;-0.00069;1.59892;0.03430;-0.00211;-0.02113;0.02100
0.03616;0.00937;1.31742;0.03441;-0.00235;-0.02132;0.02100
0.02137;-0.00404;1.75755;0.03448;-0.00226;-0.02137;0.02100
0.03266;-0.03347;2.36847;0.03474;-0.00233;-0.02151;0.02100
0.02522;-0.01386;2.07326;0.03483;-0.00231;-0.02149;0.02100
0.00992;0.00019;1.55193;0.03473;-0.00202;-0.02145;0.02100
0.02801;-0.01496;2.06132;0.03477;-0.00231;-0.02159;0.02100
0.02771;-0.00942;1.89862;0.03481;-0.00251;-0.02169;0.02100
0.02040;-0.02175;2.38835;0.03475;-0.00222;-0.02174;0.02100
0.04656;-0.01747;1.92957;0.03489;-0.00248;-0.02170;0.02100
0.01878;-0.02348;2.46685;0.03514;-0.00230;-0.02165;0.02100
0.00837;-0.01412;2.60640;0.03523;-0.00183;-0.02164;0.02100
0.03415;-0.01264;1.92514;0.03532;-0.00150;-0.02171;0.02100
0.05733;-0.01681;1.85569;0.03546;-0.00122;-0.02166;0.02100
0.03981;-0.03772;2.32917;0.03559;-0.00135;-0.02170;0.02100
0.03325;-0.01442;1.97997;0.03578;-0.00152;-0.02189;0.02100
0.04858;-0.01786;1.92284;0.03604;-0.00158;-0.02199;0.02100
0.03779;-0.00759;1.76883;0.03633;-0.00200;-0.02223;0.02100
0.01631;-0.01814;2.40916;0.03642;-0.00254;-0.02231;0.02100
0.03961;-0.02423;2.11966;0.03638;-0.00267;-0.02227;0.02100
0.04135;-0.02025;2.02603;0.03648;-0.00254;-0.02229;0.02100
0.03786;-0.01163;1.86882;0.03653;-0.00237;-0.02252;0.02100
0.03224;-0.02816;2.28867;0.03645;-0.00202;-0.02269;0.02100
0.00043;-0.00852;3.09128;0.03662;-0.00223;-0.02282;0.02100
0.03403;-0.01440;1.97086;0.03676;-0.00234;-0.02294;0.02100
0.03779;0.00341;1.48089;0.03684;-0.00202;-0.02297;0.02100
0.04581;-0.02600;2.08683;0.03687;-0.00179;-0.02308;0.02100
0.02946;-0.00228;1.64789;0.03698;-0.00189;-0.02312;0.02100
0.04837;-0.02151;1.98902;0.03713;-0.00212;-0.02325;0.02100
0.03502;-0.02816;2.24792;0.03715;-0.00202;-0.02341;0.02100
0.03720;0.00092;1.54621;0.03744;-0.00225;-0.02365;0.02100
0.01593;0.00301;1.38382;0.03753;-0.00230;-0.02385;0.02100
0.04309;-0.00845;1.76425;0.03769;-0.00211;-0.02393;0.02100
0.02669;-0.00864;1.88383;0.03777;-0.00190;-0.02404;0.02100
0.02599;-0.01102;1.97190;0.03772;-0.00161;-0.02407;0.02100
0.04531;-0.00947;1.77675;0.03768;-0.00134;-0.02424;0.02100
0.03657;0.00734;1.37274;0.03764;-0.00158;-0.02415;0.02100
0.02931;-0.00374;1.69781;0.03765;-0.00161;-0.02416;0.02100
0.03792;-0.01435;1.93233;0.03759;-0.00139;-0.02406;0.02100
-0.00077;-0.03982;-3.12233;0.03765;-0.00159;-0.02408;0.02100
0.02273;0.01793;0.90296;0.03767;-0.00183;-0.02399;0.02100
0.02261;-0.02555;2.41724;0.03763;-0.00185;-0.02392;0.02100
0.01971;-0.03223;2.59281;0.03766;-0.00201;-0.02407;0.02100
0.03064;-0.02415;2.23829;0.03783;-0.00202;-0.02424;0.02100
0.02480;-0.00012;1.57578;0.03795;-0.00199;-0.02420;0.02100
0.02436;0.00936;1.20398;0.03802;-0.00196;-0.02422;0.02100
0.02179;0.00207;1.47625;0.03813;-0.00166;-0.02420;0.02100
0.03636;0.01822;1.10647;0.03816;-0.00143;-0.02421;0.02100
0.04057;-0.00246;1.63142;0.03824;-0.00123;-0.02424;0.02100
0.01202;-0.03226;2.78517;0.03838;-0.00101;-0.02432;0.02100
0.02517;-0.02175;2.28341;0.03839;-0.00089;-0.02444;0.02100
0.02786;0.00264;1.47639;0.03858;-0.00101;-0.02439;0.02100
0.03273;-0.00914;1.84294;0.03869;-0.00114;-0.02448;0.02100
0.02043;-0.01343;2.15242;0.03864;-0.00093;-0.02450;0.02100
0.02490;-0.00896;1.91627;0.03873;-0.00102;-0.02463;0.02100
0.02482;0.02432;0.79558;0.03880;-0.00098;-0.02472;0.02100
0.04863;-0.00099;1.59120;0.03892;-0.00082;-0.02474;0.02100
0.03206;-0.01570;2.02590;0.03900;-0.00058;-0.02468;0.02100
0.02705;-0.01097;1.95595;0.03919;-0.00035;-0.02476;0.02100
0.05361;0.00810;1.42101;0.03949;-0.00018;-0.02489;0.02100
0.03414;-0.01865;2.07053;0.03960;-0.00004;-0.02484;0.02100
0.03568;0.00167;1.52396;0.03978;-0.00012;-0.02499;0.02100
0.03178;0.00137;1.52785;0.03981;-0.00009;-0.02497;0.02100
0.03569;-0.01586;1.98886;0.03992;-0.00006;-0.02504;0.02100
0.01817;-0.01538;2.27321;0.03995;-0.00016;-0.02506;0.02100
0.03669;-0.00781;1.78040;0.04009;-0.00031;-0.02512;0.02100
0.05338;-0.00394;1.64443;0.04014;-0.00055;-0.02527;0.02100
0.04017;-0.00925;1.79703;0.04014;-0.00050;-0.02528;0.02100
0.01313;-0.01677;2.47745;0.04013;-0.00006;-0.02531;0.02100
0.04007;-0.00776;1.76193;0.04034;-0.00030;-0.02546;0.02100
0.02967;-0.02028;2.17025;0.04050;-0.00059;-0.02569;0.02100
0.01572;-0.02666;2.60875;0.04064;-0.00099;-0.02585;0.02100
0.01208;-0.00562;2.00655;0.04073;-0.00111;-0.02585;0.02100
0.01796;-0.02342;2.48729;0.04094;-0.00132;-0.02586;0.02100
0.04003;-0.02877;2.19378;0.04095;-0.00133;-0.02578;0.02100
0.04342;-0.02066;2.01471;0.04103;-0.00112;-0.02585;0.02100
0.00947;-0.02082;2.71451;0.04113;-0.00126;-0.02596;0.02100
0.04208;-0.00399;1.66519;0.04126;-0.00105;-0.02613;0.02100
0.02918;0.01530;1.08812;0.04118;-0.00080;-0.02625;0.02100
0.02424;-0.02145;2.29521;0.04130;-0.00111;-0.02643;0.02100
-0.00921;-0.00482;-2.05281;0.04144;-0.00131;-0.02656;0.02100
0.03383;0.01074;1.26343;0.04156;-0.00168;-0.02664;0.02100
0.03377;-0.02205;2.14914;0.04165;-0.00159;-0.02677;0.02100
0.03480;0.00948;1.30500;0.04166;-0.00173;-0.02688;0.02100
0.01273;0.00566;1.15257;0.04181;-0.00165;-0.02689;0.02100
0.01395;-0.04022;2.80798;0.04180;-0.00141;-0.02689;0.02100
0.01589;-0.04194;2.77958;0.04174;-0.00128;-0.02688;0.02100
0.01873;-0.00536;1.84954;0.04172;-0.00144;-0.02699;0.02100
0.06334;-0.01767;1.84250;0.04178;-0.00187;-0.02726;0.02100
0.02098;-0.02155;2.36961;0.04190;-0.00200;-0.02740;0.02100
0.03381;-0.01254;1.92574;0.04192;-0.00231;-0.02752;0.02100
0.02456;-0.00847;1.90301;0.04197;-0.00233;-0.02764;0.02100
0.04112;-0.02997;2.20048;0.04206;-0.00221;-0.02765;0.02100
0.01375;-0.00481;1.90747;0.04217;-0.00219;-0.02771;0.02100
0.02896;0.00361;1.44697;0.04224;-0.00250;-0.02784;0.02100
0.03577;-0.02835;2.24084;0.04228;-0.00253;-0.02806;0.02100
0.02734;-0.01187;1.98034;0.04250;-0.00212;-0.02809;0.02100
0.03475;-0.01226;1.90972;0.04259;-0.00210;-0.02818;0.02100
0.03998;-0.01840;2.00204;0.04264;-0.00196;-0.02833;0.02100
0.03377;0.00194;1.51335;0.04257;-0.00191;-0.02829;0.02100
0.02320;-0.01010;1.98122;0.04268;-0.00221;-0.02817;0.02100
0.04153;-0.01923;2.00426;0.04265;-0.00234;-0.02827;0.02100
0.04732;-0.03696;2.23372;0.04265;-0.00216;-0.02847;0.02100
0.03537;0.00671;1.38345;0.04275;-0.00187;-0.02851;0.02100
0.03708;0.01405;1.20875;0.04289;-0.00154;-0.02839;0.02100
0.01765;0.02024;0.71701;0.04294;-0.00126;-0.02839;0.02100
0.01770;-0.01839;2.37539;0.04305;-0.00117;-0.02852;0.02100
0.01720;-0.01556;2.30624;0.04308;-0.00104;-0.02863;0.02100
0.03297;-0.01740;2.05634;0.04306;-0.00130;-0.02876;0.02100
0.01820;-0.01467;2.24920;0.04315;-0.00124;-0.02891;0.02100
0.02534;-0.02228;2.29185;0.04318;-0.00125;-0.02899;0.02100
0.02812;-0.00561;1.76777;0.04323;-0.00099;-0.02923;0.02100
0.03210;-0.00769;1.80597;0.04328;-0.00056;-0.02919;0.02100
0.02695;-0.00383;1.71204;0.04333;-0.00018;-0.02928;0.02100
0.02595;-0.01254;2.02096;0.04335;0.00028;-0.02949;0.02100
0.05097;-0.01778;1.90631;0.04354;0.00043;-0.02950;0.02100
0.03444;-0.02920;2.27396;0.04380;0.00042;-0.02952;0.02100
0.05071;-0.00113;1.59296;0.04407;-0.00003;-0.02961;0.02100
0.01658;0.00354;1.36047;0.04415;-0.00058;-0.02969;0.02100
0.01816;-0.03086;2.60987;0.04411;-0.00040;-0.02975;0.02100
0.02522;-0.00191;1.64645;0.04424;-0.00047;-0.02992;0.02100
0.03045;-0.01560;2.04407;0.04439;-0.00081;-0.02999;0.02100
0.01369;-0.00125;1.66146;0.04453;-0.00097;-0.02996;0.02100
0.04679;-0.00638;1.70626;0.04463;-0.00084;-0.03000;0.02100
0.03625;-0.02127;2.10140;0.04469;-0.00118;-0.03008;0.02100
0.03042;-0.02117;2.17878;0.04479;-0.00128;-0.03021;0.02100
0.04514;-0.00354;1.64907;0.04495;-0.00134;-0.03037;0.02100
0.02684;-0.03342;2.46506;0.04496;-0.00128;-0.03057;0.02100
0.04412;-0.02689;2.11803;0.04512;-0.00128;-0.03065;0.02100
0.03139;-0.02081;2.15611;0.04518;-0.00165;-0.03071;0.02100
0.04474;-0.03755;2.26894;0.04539;-0.00210;-0.03074;0.02100
0.02732;-0.02508;2.31345;0.04559;-0.00262;-0.03089;0.02100
0.02101;-0.01203;2.09088;0.04567;-0.00270;-0.03102;0.02100
0.02824;0.00935;1.25098;0.04579;-0.00266;-0.03109;0.02100
0.03267;-0.00475;1.71507;0.04578;-0.00239;-0.03112;0.02100
0.01877;-0.01292;2.17378;0.04596;-0.00242;-0.03115;0.02100
0.02747;-0.01766;2.14202;0.04606;-0.00250;-0.03127;0.02100
0.01381;-0.00267;1.76212;0.04625;-0.00302;-0.03141;0.02100
0.02195;-0.00841;1.93685;0.04626;-0.00313;-0.03155;0.02100
0.03208;-0.00094;1.60014;0.04631;-0.00303;-0.03163;0.02100
0.02217;-0.03011;2.50698;0.04639;-0.00265;-0.03157;0.02100
0.02293;-0.01001;1.98221;0.04649;-0.00241;-0.03163;0.02100
0.03422;-0.01909;2.07958;0.04650;-0.00264;-0.03190;0.02100
0.02901;-0.01435;2.03019;0.04668;-0.00272;-0.03211;0.02100
0.01708;0.01178;0.96713;0.04679;-0.00273;-0.03222;0.02100
0.01390;-0.02219;2.58198;0.04692;-0.00315;-0.03246;0.02100
0.02852;-0.01517;2.05940;0.04703;-0.00320;-0.03273;0.02100
0.03394;-0.01883;2.07712;0.04712;-0.00321;-0.03268;0.02100
0.00912;-0.02748;2.82117;0.04727;-0.00358;-0.03280;0.02100
0.04264;-0.01694;1.94878;0.04745;-0.00402;-0.03305;0.02100
0.00691;0.00189;1.30305;0.04777;-0.00442;-0.03334;0.02100
0.00807;-0.02854;2.86612;0.04799;-0.00480;-0.03348;0.02100
0.03074;-0.01801;2.10060;0.04791;-0.00482;-0.03350;0.02100
0.01803;-0.01730;2.33544;0.04801;-0.00442;-0.03356;0.02100
0.02351;-0.02425;2.37166;0.04817;-0.00408;-0.03356;0.02100
0.03412;-0.00674;1.76580;0.04826;-0.00412;-0.03357;0.02100
0.03226;-0.02423;2.21491;0.04838;-0.00388;-0.03345;0.02100
0.03549;0.00506;1.42914;0.04850;-0.00369;-0.03346;0.02100
0.00477;-0.01903;2.89586;0.04866;-0.00354;-0.03361;0.02100
0.02900;0.00175;1.51039;0.04879;-0.00369;-0.03371;0.02100
0.02855;-0.03229;2.41767;0.04921;-0.00407;-0.03390;0.02100
0.04251;-0.01306;1.86859;0.04945;-0.00394;-0.03409;0.02100
0.02834;-0.00607;1.78189;0.04950;-0.00385;-0.03423;0.02100
0.02503;-0.02941;2.43643;0.04954;-0.00369;-0.03426;0.02100
0.02120;-0.03657;2.61633;0.04986;-0.00364;-0.03433;0.02100
0.03427;-0.02464;2.19396;0.05003;-0.00352;-0.03445;0.02100
0.04291;-0.01662;1.94009;0.05020;-0.00322;-0.03446;0.02100
0.01568;-0.00793;2.03910;0.05022;-0.00355;-0.03453;0.02100
0.03134;-0.02696;2.28116;0.05033;-0.00347;-0.03470;0.02100
0.01914;-0.02492;2.48684;0.05030;-0.00341;-0.03480;0.02100
0.02453;-0.03417;2.51908;0.05039;-0.00361;-0.03503;0.02100
0.04420;0.00067;1.55558;0.05040;-0.00357;-0.03516;0.02100
0.00475;-0.00768;2.58813;0.05057;-0.00378;-0.03526;0.02100
0.03459;-0.03538;2.36749;0.05068;-0.00423;-0.03527;0.02100
0.01024;-0.02959;2.80856;0.05084;-0.00468;-0.03552;0.02100
0.02256;-0.02269;2.35896;0.05100;-0.00459;-0.03565;0.02100
0.03808;0.00218;1.51376;0.05110;-0.00433;-0.03582;0.02100
0.02932;0.00955;1.25608;0.05118;-0.00450;-0.03590;0.02100
0.02809;0.00098;1.53595;0.05110;-0.00445;-0.03593;0.02100
0.03369;-0.01935;2.09191;0.05105;-0.00424;-0.03610;0.02100
0.01946;0.00413;1.36187;0.05108;-0.00414;-0.03620;0.02100
0.03412;-0.01233;1.91751;0.05121;-0.00428;-0.03626;0.02100
0.03535;-0.02394;2.16594;0.05135;-0.00415;-0.03632;0.02100
0.03258;-0.02164;2.15706;0.05144;-0.00414;-0.03632;0.02100
0.02797;-0.01591;2.08783;0.05158;-0.00449;-0.03642;0.02100
0.01776;-0.01159;2.14912;0.05164;-0.00484;-0.03669;0.02100
0.02630;-0.01368;2.05047;0.05173;-0.00503;-0.03677;0.02100
0.01684;0.00576;1.24117;0.05183;-0.00511;-0.03682;0.02100
0.00283;-0.04658;3.08094;0.05184;-0.00502;-0.03688;0.02100
0.02662;-0.02119;2.24301;0.05204;-0.00553;-0.03703;0.02100
0.03808;-0.02194;2.09346;0.05204;-0.00566;-0.03702;0.02100
0.02623;0.00214;1.48958;0.05216;-0.00542;-0.03680;0.02100
0.02166;0.00241;1.45983;0.05227;-0.00532;-0.03667;0.02100
0.04338;-0.01248;1.85078;0.05245;-0.00506;-0.03667;0.02100
0.04544;0.01536;1.24503;0.05262;-0.00474;-0.03673;0.02100
0.02352;0.00504;1.35988;0.05278;-0.00437;-0.03670;0.02100
0.02317;0.00147;1.50756;0.05284;-0.00406;-0.03669;0.02100
0.01441;-0.02550;2.62738;0.05302;-0.00393;-0.03674;0.02100
0.03171;0.00930;1.28559;0.05308;-0.00431;-0.03694;0.02100
0.02316;-0.01823;2.23760;0.05310;-0.00430;-0.03705;0.02100
0.00868;-0.00160;1.75315;0.05312;-0.00411;-0.03723;0.02100
0.01921;-0.01483;2.22822;0.05326;-0.00386;-0.03715;0.02100
0.03988;-0.02127;2.06059;0.05336;-0.00362;-0.03714;0.02100
0.04301;-0.01192;1.84109;0.05351;-0.00386;-0.03724;0.02100
0.03672;0.02243;1.02252;0.05357;-0.00387;-0.03738;0.02100
0.00702;-0.00868;2.46168;0.05358;-0.00372;-0.03733;0.02100
0.02863;-0.00612;1.78145;0.05364;-0.00390;-0.03734;0.02100
0.02026;-0.00174;1.65648;0.05361;-0.00402;-0.03745;0.02100
0.02488;-0.02337;2.32476;0.05383;-0.00421;-0.03738;0.02100
0.02895;0.00813;1.29717;0.05415;-0.00473;-0.03745;0.02100
0.00331;-0.00269;2.25451;0.05423;-0.00485;-0.03752;0.02100
0.00586;0.01530;0.36552;0.05430;-0.00451;-0.03755;0.02100
0.01515;-0.00723;2.01632;0.05444;-0.00423;-0.03758;0.02100
0.02686;-0.01728;2.14236;0.05455;-0.00381;-0.03767;0.02100
0.01944;-0.01208;2.12677;0.05459;-0.00345;-0.03775;0.02100
0.03446;-0.01086;1.87591;0.05463;-0.00322;-0.03777;0.02100
0.02177;-0.01032;2.01342;0.05482;-0.00297;-0.03774;0.02100
0.03605;0.00672;1.38670;0.05496;-0.00310;-0.03774;0.02100
0.03848;-0.01098;1.84868;0.05500;-0.00348;-0.03771;0.02100
0.03312;-0.01908;2.09342;0.05503;-0.00355;-0.03773;0.02100
0.04556;0.00869;1.38251;0.05503;-0.00333;-0.03768;0.02100
0.02002;0.01414;0.95589;0.05508;-0.00351;-0.03761;0.02100
0.01843;-0.02721;2.54628;0.05507;-0.00365;-0.03765;0.02100
0.04305;0.01661;1.20263;0.05513;-0.00382;-0.03781;0.02100
0.02487;-0.00906;1.92017;0.05535;-0.00381;-0.03777;0.02100
0.02906;0.00649;1.35098;0.05530;-0.00351;-0.03771;0.02100
0.05456;-0.05512;2.36137;0.05531;-0.00316;-0.03768;0.02100
0.02481;-0.04309;2.61946;0.05538;-0.00286;-0.03768;0.02100
0.03157;-0.00264;1.65426;0.05529;-0.00309;-0.03785;0.02100
0.00156;0.00406;0.36717;0.05527;-0.00321;-0.03791;0.02100
0.02746;-0.03676;2.50024;0.05543;-0.00375;-0.03804;0.02100
-0.00073;-0.00275;-2.88099;0.05561;-0.00401;-0.03813;0.02100
0.01934;-0.01432;2.20812;0.05580;-0.00416;-0.03817;0.02100
0.02901;-0.01154;1.94947;0.05598;-0.00466;-0.03830;0.02100
0.02948;-0.01523;2.04747;0.05612;-0.00503;-0.03830;0.02100
0.00285;-0.02972;3.04597;0.05624;-0.00507;-0.03842;0.02100
0.01928;-0.01228;2.13773;0.05631;-0.00501;-0.03839;0.02100
0.03143;0.00253;1.49042;0.05657;-0.00471;-0.03835;0.02100
0.01922;-0.00095;1.61994;0.05675;-0.00431;-0.03841;0.02100
0.04443;0.00533;1.45159;0.05690;-0.00392;-0.03842;0.02100
0.03187;-0.02743;2.28136;0.05703;-0.00369;-0.03839;0.02100
0.04281;-0.02016;2.01078;0.05720;-0.00369;-0.03854;0.02100
0.04876;0.00600;1.44845;0.05744;-0.00379;-0.03867;0.02100
0.02795;-0.02883;2.37161;0.05766;-0.00369;-0.03867;0.02100
0.03949;-0.01422;1.91641;0.05775;-0.00353;-0.03884;0.02100
0.02127;-0.01788;2.26980;0.05782;-0.00384;-0.03908;0.02100
0.02600;-0.02107;2.25194;0.05785;-0.00380;-0.03891;0.02100
0.05547;-0.00075;1.58422;0.05804;-0.00401;-0.03881;0.02100
0.03563;0.00044;1.55854;0.05810;-0.00412;-0.03890;0.02100
0.04263;0.00117;1.54343;0.05809;-0.00396;-0.03914;0.02100
0.02544;0.00207;1.48969;0.05810;-0.00361;-0.03915;0.02100
0.01813;-0.00580;1.88025;0.05821;-0.00384;-0.03913;0.02100
0.04036;0.00968;1.33548;0.05834;-0.00421;-0.03914;0.02100
0.01141;-0.00486;1.97371;0.05863;-0.00467;-0.03922;0.02100
0.03316;-0.00788;1.80395;0.05868;-0.00457;-0.03940;0.02100
0.04104;0.00625;1.41988;0.05879;-0.00448;-0.03934;0.02100
0.03660;-0.02777;2.21968;0.05901;-0.00435;-0.03938;0.02100
0.03736;-0.02641;2.18612;0.05895;-0.00433;-0.03942;0.02100
0.02109;-0.00267;1.69697;0.05904;-0.00465;-0.03960;0.02100
0.03798;-0.01599;1.96902;0.05905;-0.00483;-0.03979;0.02100
0.04290;-0.00348;1.65166;0.05922;-0.00460;-0.03996;0.02100
0.02408;0.00069;1.54223;0.05944;-0.00505;-0.04012;0.02100
0.00164;-0.01840;3.05248;0.05945;-0.00529;-0.04031;0.02100
0.03781;-0.00911;1.80716;0.05953;-0.00517;-0.04032;0.02100
0.03261;0.00844;1.31763;0.05959;-0.00496;-0.04034;0.02100
0.01420;-0.01023;2.19516;0.05968;-0.00468;-0.04019;0.02100
0.02699;-0.01225;1.99673;0.05974;-0.00501;-0.04021;0.02100
0.01871;-0.01914;2.36758;0.05978;-0.00519;-0.04044;0.02100
0.01907;-0.00872;1.99988;0.05988;-0.00546;-0.04059;0.02100
0.03018;-0.01537;2.04178;0.05997;-0.00537;-0.04076;0.02100
0.02411;-0.01949;2.25045;0.06000;-0.00532;-0.04085;0.02100
0.03951;-0.01989;2.03697;0.06013;-0.00560;-0.04081;0.02100
0.03758;-0.03549;2.32758;0.06033;-0.00594;-0.04094;0.02100
0.03907;-0.01169;1.86137;0.06051;-0.00596;-0.04108;0.02100
0.03514;-0.00213;1.63122;0.06072;-0.00595;-0.04101;0.02100
0.02684;-0.02053;2.22356;0.06075;-0.00635;-0.04094;0.02100
0.03868;-0.00947;1.81081;0.06079;-0.00660;-0.04095;0.02100
0.04098;-0.02608;2.13743;0.06076;-0.00644;-0.04085;0.02100
0.04306;-0.02341;2.06855;0.06080;-0.00673;-0.04098;0.02100
0.03303;-0.01991;2.11315;0.06087;-0.00704;-0.04117;0.02100
0.01931;-0.00679;1.90875;0.06104;-0.00726;-0.04140;0.02100
0.03264;-0.01626;2.03294;0.06116;-0.00769;-0.04154;0.02100
0.03320;-0.01739;2.05317;0.06125;-0.00783;-0.04164;0.02100
0.02269;0.00093;1.52995;0.06151;-0.00819;-0.04180;0.02100
0.03311;-0.01909;2.09359;0.06153;-0.00793;-0.04192;0.02100
0.02603;-0.01339;2.04581;0.06157;-0.00810;-0.04213;0.02100
0.02349;-0.00827;1.90912;0.06160;-0.00808;-0.04241;0.02100
0.02848;-0.00453;1.72852;0.06161;-0.00768;-0.04246;0.02100
0.02876;-0.03235;2.41507;0.06177;-0.00782;-0.04252;0.02100
0.03193;-0.01042;1.88624;0.06194;-0.00785;-0.04265;0.02100
0.04931;-0.02580;2.05264;0.06207;-0.00753;-0.04273;0.02100
0.01393;0.00643;1.13839;0.06223;-0.00712;-0.04288;0.02100
0.02624;-0.00550;1.77723;0.06228;-0.00697;-0.04298;0.02100
0.01471;0.00174;1.45320;0.06249;-0.00714;-0.04312;0.02100
0.01976;-0.00176;1.65945;0.06261;-0.00763;-0.04331;0.02100
0.05333;-0.01056;1.76616;0.06282;-0.00782;-0.04348;0.02100
0.03305;-0.00531;1.72996;0.06312;-0.00827;-0.04373;0.02100
0.03664;0.01621;1.15447;0.06328;-0.00822;-0.04386;0.02100
0.04442;-0.01574;1.91126;0.06332;-0.00793;-0.04391;0.02100
0.02728;0.01991;0.94035;0.06357;-0.00772;-0.04378;0.02100
0.02765;0.00673;1.33213;0.06376;-0.00749;-0.04375;0.02100
0.03185;-0.01295;1.95699;0.06390;-0.00779;-0.04394;0.02100
0.01946;-0.00914;2.00987;0.06403;-0.00811;-0.04431;0.02100
0.03176;0.00220;1.50174;0.06405;-0.00838;-0.04444;0.02100
0.02884;-0.00199;1.63965;0.06414;-0.00861;-0.04448;0.02100
0.01462;-0.01089;2.21088;0.06427;-0.00839;-0.04461;0.02100
0.02841;-0.01010;1.91233;0.06426;-0.00821;-0.04464;0.02100
0.02123;0.00125;1.51221;0.06443;-0.00850;-0.04475;0.02100
0.03363;0.01817;1.07555;0.06470;-0.00894;-0.04500;0.02100
0.04205;-0.01481;1.90924;0.06498;-0.00953;-0.04519;0.02100
0.04783;-0.01099;1.79646;0.06506;-0.01017;-0.04527;0.02100
0.01342;-0.00741;2.07557;0.06523;-0.01047;-0.04550;0.02100
0.04703;-0.01654;1.90886;0.06535;-0.01072;-0.04566;0.02100
0.02810;0.02333;0.87777;0.06546;-0.01081;-0.04580;0.02100
0.00471;0.01079;0.41181;0.06565;-0.01106;-0.04594;0.02100
0.04447;-0.02943;2.15533;0.06592;-0.01139;-0.04619;0.02100
0.00062;-0.01068;3.08352;0.06619;-0.01180;-0.04642;0.02100
0.01414;0.00122;1.48443;0.06642;-0.01238;-0.04655;0.02100
0.03783;-0.02631;2.17836;0.06669;-0.01286;-0.04657;0.02100
0.03982;-0.03824;2.33588;0.06673;-0.01321;-0.04676;0.02100
0.01597;0.01421;0.84368;0.06685;-0.01310;-0.04685;0.02100
0.01586;-0.01039;2.15080;0.06695;-0.01280;-0.04683;0.02100
0.00578;0.02057;0.27400;0.06692;-0.01245;-0.04678;0.02100
0.00585;-0.01675;2.80557;0.06696;-0.01225;-0.04675;0.02100
0.03404;-0.01938;2.08820;0.06705;-0.01210;-0.04684;0.02100
0.03000;-0.01821;2.11612;0.06710;-0.01201;-0.04697;0.02100
0.03192;-0.00681;1.78083;0.06730;-0.01168;-0.04708;0.02100
0.02573;-0.00588;1.79551;0.06750;-0.01161;-0.04715;0.02100
0.01013;-0.00644;2.13753;0.06770;-0.01189;-0.04738;0.02100
0.04027;-0.03356;2.26553;0.06787;-0.01224;-0.04751;0.02100
0.03919;-0.02571;2.15118;0.06799;-0.01251;-0.04752;0.02100
0.03048;-0.02714;2.29842;0.06824;-0.01292;-0.04781;0.02100
0.03675;-0.03169;2.28232;0.06833;-0.01306;-0.04794;0.02100
0.03651;-0.01887;2.04782;0.06865;-0.01323;-0.04796;0.02100
0.03806;-0.00758;1.76727;0.06867;-0.01333;-0.04801;0.02100
0.01984;0.00128;1.50647;0.06871;-0.01306;-0.04799;0.02100
-0.01220;0.02741;-0.41885;0.06870;-0.01272;-0.04789;0.02100
-0.00177;0.03699;-0.04766;0.06876;-0.01257;-0.04797;0.02100
0.02575;0.00614;1.33662;0.06893;-0.01307;-0.04808;0.02100
0.00730;-0.00509;2.17983;0.06906;-0.01367;-0.04824;0.02100
0.01301;-0.01220;2.32426;0.06897;-0.01378;-0.04842;0.02100
0.02637;-0.03466;2.49122;0.06895;-0.01388;-0.04837;0.02100
0.00649;-0.01072;2.59698;0.06900;-0.01390;-0.04832;0.02100
0.03285;-0.01888;2.09220;0.06902;-0.01368;-0.04848;0.02100
0.01783;0.01496;0.87263;0.06917;-0.01354;-0.04873;0.02100
0.03765;-0.02333;2.12538;0.06942;-0.01325;-0.04896;0.02100
0.02786;-0.01899;2.16908;0.06955;-0.01283;-0.04885;0.02100
0.01300;-0.02958;2.72773;0.06975;-0.01281;-0.04897;0.02100
0.00822;-0.02033;2.75742;0.07004;-0.01279;-0.04899;0.02100
0.03507;-0.00116;1.60389;0.07018;-0.01258;-0.04905;0.02100
0.03487;-0.01434;1.96088;0.07027;-0.01262;-0.04925;0.02100
0.03409;0.00189;1.51550;0.07032;-0.01276;-0.04927;0.02100
0.03166;0.00031;1.56114;0.07034;-0.01317;-0.04934;0.02100
0.03477;-0.00369;1.67643;0.07056;-0.01338;-0.04947;0.02100
0.02803;0.01794;1.00154;0.07079;-0.01372;-0.04958;0.02100
0.02950;-0.00512;1.74272;0.07092;-0.01377;-0.04974;0.02100
0.03588;-0.01350;1.93068;0.07102;-0.01352;-0.04966;0.02100
0.03051;-0.03624;2.44186;0.07131;-0.01391;-0.04975;0.02100
0.01614;0.01830;0.72264;0.07142;-0.01427;-0.04988;0.02100
-0.00323;0.03364;-0.09572;0.07153;-0.01414;-0.04996;0.02100
0.00463;-0.00664;2.53272;0.07160;-0.01383;-0.04990;0.02100
0.01999;0.01217;1.02401;0.07179;-0.01409;-0.04987;0.02100
0.03079;0.00220;1.49935;0.07212;-0.01438;-0.05006;0.02100
0.02038;-0.00399;1.76413;0.07232;-0.01425;-0.05008;0.02100
0.03773;-0.01856;2.02782;0.07260;-0.01407;-0.05013;0.02100
0.02857;-0.00120;1.61290;0.07282;-0.01419;-0.05025;0.02100
0.03483;-0.02473;2.18814;0.07297;-0.01426;-0.05031;0.02100
0.01359;-0.00261;1.76028;0.07315;-0.01410;-0.05033;0.02100
0.04128;0.00971;1.33979;0.07330;-0.01429;-0.05058;0.02100
0.01589;-0.01076;2.16595;0.07338;-0.01417;-0.05077;0.02100
0.04454;0.01379;1.27066;0.07356;-0.01393;-0.05094;0.02100
0.03898;0.01950;1.10715;0.07372;-0.01386;-0.05090;0.02100
0.03446;-0.02489;2.19622;0.07399;-0.01380;-0.05093;0.02100
0.03693;-0.00997;1.83438;0.07412;-0.01401;-0.05105;0.02100
-0.00969;0.01253;-0.65831;0.07423;-0.01416;-0.05121;0.02100
0.01182;-0.00073;1.63289;0.07434;-0.01398;-0.05127;0.02100
0.03940;0.00184;1.52410;0.07444;-0.01386;-0.05120;0.02100
0.03140;-0.01744;2.07773;0.07454;-0.01417;-0.05125;0.02100
0.01844;-0.00339;1.75271;0.07448;-0.01444;-0.05126;0.02100
0.01879;-0.00075;1.61077;0.07454;-0.01433;-0.05128;0.02100
0.01839;-0.01061;2.09398;0.07459;-0.01409;-0.05139;0.02100
0.02381;-0.00388;1.73217;0.07478;-0.01436;-0.05147;0.02100
0.02451;-0.01413;2.09365;0.07528;-0.01477;-0.05160;0.02100
0.02821;-0.00803;1.84794;0.07569;-0.01503;-0.05165;0.02100
0.02596;-0.00049;1.58962;0.07601;-0.01555;-0.05176;0.02100
0.01906;-0.00944;2.03050;0.07616;-0.01556;-0.05182;0.02100
0.02485;-0.00965;1.94132;0.07623;-0.01555;-0.05198;0.02100
0.04292;-0.02296;2.06193;0.07642;-0.01585;-0.05209;0.02100
0.03079;-0.02928;2.33112;0.07661;-0.01593;-0.05213;0.02100
0.01836;-0.00637;1.90462;0.07689;-0.01622;-0.05223;0.02100
0.04644;-0.02529;2.06932;0.07704;-0.01684;-0.05236;0.02100
0.04397;-0.04590;2.37770;0.07721;-0.01698;-0.05235;0.02100
0.03564;-0.01912;2.06309;0.07722;-0.01688;-0.05255;0.02100
0.04604;-0.03670;2.24358;0.07727;-0.01650;-0.05267;0.02100
0.01281;-0.01986;2.56870;0.07741;-0.01628;-0.05277;0.02100
-0.00136;-0.01238;-3.03203;0.07757;-0.01602;-0.05273;0.02100
0.01985;0.00601;1.27674;0.07773;-0.01573;-0.05291;0.02100
0.03936;-0.01364;1.90426;0.07798;-0.01567;-0.05303;0.02100
0.05276;0.00479;1.48035;0.07811;-0.01596;-0.05297;0.02100
0.02136;-0.00344;1.73035;0.07839;-0.01608;-0.05300;0.02100
0.01670;-0.01312;2.23693;0.07870;-0.01602;-0.05311;0.02100
0.01711;-0.01196;2.18080;0.07876;-0.01623;-0.05323;0.02100
0.01527;-0.00720;2.01161;0.07888;-0.01635;-0.05323;0.02100
0.02610;-0.02413;2.31700;0.07894;-0.01596;-0.05331;0.02100
0.02831;-0.02880;2.36487;0.07900;-0.01577;-0.05333;0.02100
0.03007;-0.00506;1.73729;0.07918;-0.01590;-0.05356;0.02100
0.03146;-0.00685;1.78510;0.07938;-0.01580;-0.05373;0.02100
0.02471;-0.00937;1.93334;0.07939;-0.01568;-0.05376;0.02100
0.03955;0.00265;1.50392;0.07944;-0.01555;-0.05384;0.02100
0.03002;-0.00822;1.83808;0.07960;-0.01541;-0.05407;0.02100
0.01950;0.00224;1.45628;0.07952;-0.01527;-0.05430;0.02100
0.02089;-0.02560;2.45722;0.07949;-0.01493;-0.05430;0.02100
0.01979;0.01316;0.98422;0.07974;-0.01504;-0.05443;0.02100
0.03082;-0.02136;2.17676;0.07992;-0.01497;-0.05462;0.02100
0.05453;-0.02017;1.92470;0.08018;-0.01540;-0.05492;0.02100
0.03964;-0.02599;2.15098;0.08015;-0.01548;-0.05493;0.02100
0.05040;0.00905;1.39320;0.08032;-0.01537;-0.05502;0.02100
0.02598;-0.03048;2.43581;0.08044;-0.01511;-0.05510;0.02100
0.04620;-0.01368;1.85849;0.08064;-0.01540;-0.05510;0.02100
0.03890;0.01477;1.20801;0.08079;-0.01552;-0.05520;0.02100
0.01618;0.00331;1.36895;0.08086;-0.01593;-0.05538;0.02100
0.03075;-0.02038;2.15601;0.08103;-0.01641;-0.05561;0.02100
0.01485;-0.01037;2.18041;0.08097;-0.01635;-0.05577;0.02100
0.03983;-0.01125;1.84604;0.08114;-0.01634;-0.05582;0.02100
0.02397;-0.01746;2.20049;0.08136;-0.01659;-0.05595;0.02100
0.04609;-0.02579;2.08070;0.08159;-0.01707;-0.05625;0.02100
0.02156;-0.01084;2.03673;0.08172;-0.01763;-0.05643;0.02100
0.02953;-0.03277;2.40815;0.08177;-0.01768;-0.05666;0.02100
0.02105;-0.00135;1.63504;0.08190;-0.01796;-0.05666;0.02100
0.00274;-0.00330;2.44871;0.08206;-0.01810;-0.05664;0.02100
-0.01038;-0.01782;-2.61437;0.08219;-0.01848;-0.05665;0.02100
0.01310;0.00717;1.07013;0.08225;-0.01830;-0.05666;0.02100
0.02148;-0.00722;1.89507;0.08213;-0.01801;-0.05665;0.02100
0.02954;-0.01529;2.04848;0.08226;-0.01809;-0.05668;0.02100
0.01125;-0.00025;1.59326;0.08247;-0.01863;-0.05673;0.02100
0.02888;0.00056;1.55157;0.08254;-0.01878;-0.05682;0.02100
0.01307;-0.00350;1.83228;0.08261;-0.01864;-0.05693;0.02100
0.02443;-0.00444;1.75043;0.08276;-0.01901;-0.05720;0.02100
0.03459;-0.00970;1.84420;0.08292;-0.01907;-0.05711;0.02100
0.01310;-0.02998;2.72982;0.08280;-0.01872;-0.05708;0.02100
0.03085;-0.01903;2.12333;0.08276;-0.01836;-0.05723;0.02100
0.02206;-0.03466;2.57498;0.08286;-0.01816;-0.05720;0.02100
0.03280;-0.00908;1.84087;0.08309;-0.01850;-0.05736;0.02100
0.03071;-0.01234;1.95270;0.08307;-0.01840;-0.05741;0.02100
0.01645;0.00006;1.56699;0.08335;-0.01868;-0.05761;0.02100
0.01165;-0.00789;2.16609;0.08347;-0.01863;-0.05776;0.02100
0.04922;-0.00477;1.66727;0.08367;-0.01854;-0.05790;0.02100
0.03650;-0.00364;1.67013;0.08378;-0.01837;-0.05795;0.02100
0.00921;0.00115;1.44644;0.08384;-0.01817;-0.05799;0.02100
0.01837;0.00745;1.18564;0.08405;-0.01835;-0.05812;0.02100
0.04010;-0.01550;1.93943;0.08415;-0.01840;-0.05829;0.02100
0.02117;-0.03162;2.55179;0.08421;-0.01814;-0.05839;0.02100
0.04422;-0.00797;1.74908;0.08422;-0.01763;-0.05839;0.02100
0.01175;0.01448;0.68184;0.08432;-0.01741;-0.05834;0.02100
0.01861;-0.01347;2.19724;0.08457;-0.01711;-0.05838;0.02100
0.04166;0.01316;1.26492;0.08458;-0.01673;-0.05839;0.02100
0.02797;-0.00623;1.78993;0.08475;-0.01659;-0.05852;0.02100
0.03115;-0.00737;1.80311;0.08477;-0.01654;-0.05852;0.02100
0.02837;-0.02164;2.22234;0.08484;-0.01657;-0.05856;0.02100
0.02634;0.00609;1.34365;0.08516;-0.01719;-0.05870;0.02100
0.01415;-0.00882;2.12823;0.08546;-0.01765;-0.05882;0.02100
0.03938;-0.01964;2.03319;0.08577;-0.01817;-0.05909;0.02100
0.04604;-0.03095;2.16244;0.08603;-0.01836;-0.05910;0.02100
0.01631;-0.00702;1.97705;0.08621;-0.01819;-0.05919;0.02100
0.02520;-0.00774;1.86878;0.08631;-0.01819;-0.05921;0.02100
0.03292;-0.01509;2.00049;0.08631;-0.01843;-0.05935;0.02100
0.02143;-0.00018;1.57942;0.08630;-0.01836;-0.05947;0.02100
0.05274;-0.00551;1.67481;0.08654;-0.01841;-0.05963;0.02100
0.03025;-0.01891;2.12921;0.08670;-0.01822;-0.05967;0.02100
0.04436;-0.00711;1.72967;0.08684;-0.01851;-0.05967;0.02100
0.00907;-0.02769;2.82520;0.08692;-0.01842;-0.05969;0.02100
0.01398;-0.01404;2.35841;0.08691;-0.01843;-0.05968;0.02100
0.01459;0.00770;1.08545;0.08701;-0.01840;-0.05960;0.02100
0.01735;-0.00228;1.70153;0.08718;-0.01857;-0.05966;0.02100
0.03724;-0.01285;1.90286;0.08734;-0.01858;-0.05966;0.02100
0.01236;0.00674;1.07180;0.08746;-0.01815;-0.05982;0.02100
0.03181;-0.01236;1.94141;0.08768;-0.01793;-0.05997;0.02100
0.02914;-0.03811;2.48892;0.08778;-0.01764;-0.06006;0.02100
0.01686;-0.00149;1.65913;0.08786;-0.01742;-0.06020;0.02100
0.02656;0.01152;1.16150;0.08794;-0.01712;-0.06026;0.02100
0.02527;-0.01331;2.05568;0.08791;-0.01748;-0.06040;0.02100
0.02793;-0.00293;1.67532;0.08807;-0.01766;-0.06055;0.02100
0.02287;-0.01081;2.01210;0.08799;-0.01755;-0.06070;0.02100
0.01244;0.00517;1.17671;0.08810;-0.01784;-0.06082;0.02100
0.03964;-0.00642;1.73131;0.08820;-0.01809;-0.06094;0.02100
0.03759;-0.00282;1.64553;0.08851;-0.01796;-0.06103;0.02100
0.05073;0.00990;1.37815;0.08864;-0.01775;-0.06104;0.02100
0.03448;-0.03092;2.30181;0.08886;-0.01756;-0.06132;0.02100
0.01525;-0.02701;2.62767;0.08912;-0.01792;-0.06142;0.02100
0.03361;-0.00560;1.73594;0.08938;-0.01786;-0.06155;0.02100
0.01780;0.01051;1.03756;0.08954;-0.01742;-0.06165;0.02100
0.02135;-0.00024;1.58216;0.08948;-0.01706;-0.06169;0.02100
0.00968;-0.00006;1.57717;0.08965;-0.01691;-0.06175;0.02100
-0.00093;-0.01770;-3.08938;0.08990;-0.01680;-0.06174;0.02100
0.01005;-0.00082;1.65238;0.09004;-0.01692;-0.06170;0.02100
0.03510;0.00807;1.34489;0.09028;-0.01726;-0.06183;0.02100
0.02190;-0.01264;2.09439;0.09031;-0.01740;-0.06195;0.02100
0.01843;0.00793;1.16431;0.09027;-0.01731;-0.06191;0.02100
0.02552;-0.01171;2.00106;0.09041;-0.01729;-0.06210;0.02100
0.01933;-0.01383;2.19195;0.09050;-0.01725;-0.06225;0.02100
0.03907;0.01213;1.26998;0.09063;-0.01714;-0.06244;0.02100
0.00938;0.02386;0.37466;0.09076;-0.01741;-0.06267;0.02100
0.01472;-0.00578;1.94474;0.09084;-0.01737;-0.06276;0.02100
0.00942;-0.00783;2.26426;0.09086;-0.01713;-0.06288;0.02100
0.03324;0.00408;1.44870;0.09095;-0.01709;-0.06300;0.02100
0.01377;-0.02414;2.62327;0.09105;-0.01755;-0.06305;0.02100
0.02389;0.01263;1.08450;0.09119;-0.01772;-0.06319;0.02100
0.02529;-0.00866;1.90059;0.09147;-0.01756;-0.06329;0.02100
0.02548;0.00523;1.36836;0.09164;-0.01744;-0.06336;0.02100
0.01911;-0.02431;2.47540;0.09179;-0.01762;-0.06346;0.02100
0.02101;0.01011;1.12233;0.09187;-0.01764;-0.06355;0.02100
0.01996;0.00061;1.54013;0.09178;-0.01731;-0.06358;0.02100
0.02722;0.01555;1.05189;0.09188;-0.01683;-0.06348;0.02100
0.04200;-0.00583;1.70872;0.09194;-0.01644;-0.06346;0.02100
0.02782;-0.01511;2.06824;0.09201;-0.01611;-0.06349;0.02100
0.03970;0.01224;1.27175;0.09207;-0.01608;-0.06356;0.02100
0.02117;-0.02555;2.44971;0.09216;-0.01650;-0.06374;0.02100
0.03217;-0.03472;2.39443;0.09231;-0.01653;-0.06372;0.02100
0.01493;-0.01342;2.30315;0.09233;-0.01626;-0.06367;0.02100
0.00517;-0.01444;2.79751;0.09259;-0.01625;-0.06371;0.02100
0.01400;0.02403;0.52729;0.09274;-0.01641;-0.06372;0.02100
0.03166;-0.00437;1.70780;0.09293;-0.01671;-0.06392;0.02100
0.03041;-0.02907;2.33366;0.09295;-0.01683;-0.06407;0.02100
0.02409;-0.01324;2.07315;0.09316;-0.01677;-0.06413;0.02100
0.04014;-0.02135;2.05947;0.09318;-0.01697;-0.06431;0.02100
0.04027;-0.00372;1.66296;0.09320;-0.01687;-0.06434;0.02100
0.03707;0.00240;1.50610;0.09316;-0.01645;-0.06434;0.02100
0.01496;0.01199;0.89507;0.09318;-0.01619;-0.06431;0.02100
0.02479;-0.00764;1.86964;0.09316;-0.01610;-0.06455;0.02100
0.01877;0.00516;1.30235;0.09340;-0.01579;-0.06456;0.02100
0.02562;-0.00616;1.80670;0.09360;-0.01579;-0.06445;0.02100
0.03585;-0.01933;2.06526;0.09381;-0.01633;-0.06440;0.02100
0.02998;-0.01465;2.02537;0.09400;-0.01641;-0.06436;0.02100
0.03361;-0.00794;1.80261;0.09427;-0.01643;-0.06447;0.02100
0.01829;-0.00827;1.99563;0.09454;-0.01693;-0.06460;0.02100
0.03845;-0.00357;1.66333;0.09459;-0.01691;-0.06469;0.02100
0.04608;0.00428;1.47820;0.09464;-0.01665;-0.06475;0.02100
0.03409;-0.02086;2.11973;0.09465;-0.01689;-0.06477;0.02100
0.02177;0.00043;1.55086;0.09468;-0.01685;-0.06479;0.02100
0.02748;-0.01292;2.01021;0.09470;-0.01662;-0.06474;0.02100
0.04115;-0.02289;2.07815;0.09474;-0.01652;-0.06475;0.02100
0.02883;-0.01374;2.01563;0.09474;-0.01654;-0.06479;0.02100
0.03197;0.00137;1.52794;0.09477;-0.01661;-0.06479;0.02100
0.01562;-0.00772;2.02969;0.09477;-0.01684;-0.06466;0.02100
0.03864;-0.04475;2.42938;0.09497;-0.01725;-0.06497;0.02100
0.03077;-0.02772;2.30406;0.09505;-0.01736;-0.06509;0.02100
0.02539;-0.02980;2.43585;0.09514;-0.01737;-0.06520;0.02100
0.04130;-0.00195;1.61796;0.09520;-0.01736;-0.06529;0.02100
0.02110;-0.01543;2.20202;0.09526;-0.01724;-0.06546;0.02100
0.04189;-0.00708;1.73809;0.09537;-0.01706;-0.06566;0.02100
0.02111;-0.00857;1.95629;0.09536;-0.01675;-0.06577;0.02100
0.01040;-0.01131;2.39772;0.09559;-0.01647;-0.06583;0.02100
-0.01658;-0.01608;-2.34104;0.09569;-0.01612;-0.06603;0.02100
0.02611;0.01125;1.16393;0.09579;-0.01580;-0.06609;0.02100
0.02064;-0.00190;1.66253;0.09589;-0.01584;-0.06629;0.02100
0.01291;-0.02201;2.61109;0.09598;-0.01570;-0.06652;0.02100
0.02734;-0.00487;1.74703;0.09604;-0.01531;-0.06669;0.02100
0.03299;-0.00386;1.68715;0.09618;-0.01539;-0.06681;0.02100
0.02731;0.00012;1.56629;0.09622;-0.01550;-0.06688;0.02100
0.01049;-0.00255;1.80896;0.09646;-0.01581;-0.06695;0.02100
0.00328;0.00781;0.39817;0.09654;-0.01575;-0.06713;0.02100
-0.00055;-0.04729;-3.13007;0.09667;-0.01555;-0.06716;0.02100
0.03102;-0.00817;1.82822;0.09685;-0.01545;-0.06714;0.02100
0.02690;-0.01330;2.02990;0.09707;-0.01523;-0.06713;0.02100
0.03279;-0.02440;2.21037;0.09735;-0.01510;-0.06713;0.02100
0.02448;-0.00134;1.62547;0.09749;-0.01493;-0.06726;0.02100
0.02240;0.00820;1.21983;0.09758;-0.01522;-0.06734;0.02100
0.02836;0.00980;1.23807;0.09753;-0.01511;-0.06752;0.02100
0.01639;-0.00958;2.09957;0.09769;-0.01536;-0.06769;0.02100
0.03026;-0.02117;2.18111;0.09785;-0.01580;-0.06788;0.02100
0.02785;0.00282;1.46982;0.09798;-0.01622;-0.06784;0.02100
0.05204;0.01746;1.24728;0.09819;-0.01668;-0.06790;0.02100
0.02064;0.01200;1.04401;0.09851;-0.01678;-0.06814;0.02100
-0.00696;-0.00862;-2.46251;0.09871;-0.01692;-0.06821;0.02100
0.03003;0.00391;1.44144;0.09884;-0.01692;-0.06823;0.02100
0.04912;-0.00469;1.66587;0.09906;-0.01714;-0.06844;0.02100
0.03216;-0.00255;1.64988;0.09924;-0.01762;-0.06872;0.02100
0.01959;-0.03321;2.60882;0.09937;-0.01754;-0.06867;0.02100
0.03691;-0.00105;1.59931;0.09939;-0.01765;-0.06860;0.02100
0.03063;-0.01420;2.00463;0.09961;-0.01758;-0.06856;0.02100
0.03989;0.01533;1.20414;0.09988;-0.01792;-0.06869;0.02100
0.02373;0.00707;1.28124;0.10000;-0.01813;-0.06890;0.02100
0.04285;-0.00942;1.78715;0.10016;-0.01821;-0.06909;0.02100
0.04378;-0.01500;1.90066;0.10021;-0.01810;-0.06919;0.02100
0.02395;-0.00158;1.63652;0.10028;-0.01771;-0.06922;0.02100
0.01799;-0.02961;2.59572;0.10037;-0.01745;-0.06928;0.02100
0.02605;-0.01667;2.13998;0.10049;-0.01729;-0.06922;0.02100
0.04825;-0.04085;2.27322;0.10062;-0.01788;-0.06942;0.02100
0.03655;-0.02677;2.20297;0.10093;-0.01861;-0.06967;0.02100
0.03538;-0.04077;2.42693;0.10099;-0.01895;-0.06966;0.02100
0.02080;-0.01130;2.06847;0.10103;-0.01932;-0.06979;0.02100
0.04037;-0.01289;1.87979;0.10120;-0.01946;-0.06991;0.02100
0.00416;-0.01939;2.93028;0.10133;-0.01926;-0.06994;0.02100
0.03620;0.01337;1.21709;0.10153;-0.01922;-0.06994;0.02100
0.03871;-0.02408;2.12715;0.10168;-0.01954;-0.06994;0.02100
0.02594;-0.00753;1.85308;0.10186;-0.01990;-0.07012;0.02100
0.01181;0.00116;1.47267;0.10210;-0.01964;-0.07021;0.02100
0.02737;-0.01474;2.06460;0.10249;-0.01984;-0.07040;0.02100
0.03738;-0.01146;1.86801;0.10257;-0.01997;-0.07048;0.02100
0.04696;-0.01217;1.82415;0.10260;-0.01975;-0.07056;0.02100
0.03203;-0.01553;2.02220;0.10290;-0.02013;-0.07049;0.02100
0.02123;0.02452;0.71352;0.10317;-0.02075;-0.07058;0.02100
0.03647;0.01375;1.21035;0.10341;-0.02105;-0.07077;0.02100
0.04952;-0.00000;1.57080;0.10381;-0.02143;-0.07099;0.02100
0.01709;0.01030;1.02826;0.10398;-0.02201;-0.07102;0.02100
0.00824;-0.01386;2.60507;0.10409;-0.02205;-0.07124;0.02100
0.04861;-0.03776;2.23114;0.10422;-0.02175;-0.07122;0.02100
0.04825;0.00586;1.45006;0.10451;-0.02191;-0.07143;0.02100
0.02286;-0.00793;1.90469;0.10465;-0.02189;-0.07142;0.02100
0.03960;-0.06769;2.61266;0.10495;-0.02206;-0.07140;0.02100
0.03204;0.00522;1.40942;0.10499;-0.02207;-0.07133;0.02100
0.01659;-0.02317;2.52035;0.10520;-0.02222;-0.07144;0.02100
0.04296;-0.00632;1.71673;0.10546;-0.02239;-0.07165;0.02100
0.01844;0.00871;1.12954;0.10570;-0.02227;-0.07167;0.02100
0.02695;0.00908;1.24568;0.10585;-0.02228;-0.07163;0.02100
0.02116;-0.01542;2.20044;0.10587;-0.02264;-0.07171;0.02100
0.01221;0.01034;0.86788;0.10609;-0.02307;-0.07193;0.02100
0.02216;0.01827;0.88129;0.10633;-0.02358;-0.07207;0.02100
0.01874;-0.01929;2.37069;0.10665;-0.02364;-0.07211;0.02100
0.00585;-0.00062;1.67678;0.10674;-0.02350;-0.07197;0.02100
0.00175;-0.01553;3.02961;0.10675;-0.02319;-0.07192;0.02100
0.03606;-0.01029;1.84864;0.10681;-0.02280;-0.07198;0.02100
0.03569;-0.01717;2.01910;0.10688;-0.02257;-0.07215;0.02100
0.06155;0.01209;1.37699;0.10700;-0.02239;-0.07220;0.02100
0.02642;-0.01661;2.13210;0.10718;-0.02224;-0.07218;0.02100
0.03820;0.00006;1.56917;0.10703;-0.02206;-0.07224;0.02100
0.03383;0.01282;1.20864;0.10701;-0.02197;-0.07240;0.02100
0.03543;0.00853;1.33464;0.10711;-0.02224;-0.07250;0.02100
0.00974;-0.03002;2.82787;0.10720;-0.02250;-0.07264;0.02100
0.03276;-0.01766;2.06507;0.10731;-0.02250;-0.07284;0.02100
0.03548;0.01962;1.06573;0.10751;-0.02254;-0.07291;0.02100
0.02382;0.00788;1.25134;0.10760;-0.02234;-0.07295;0.02100
0.02935;-0.00742;1.81819;0.10781;-0.02257;-0.07312;0.02100
0.02524;-0.03791;2.55434;0.10809;-0.02305;-0.07324;0.02100
0.00312;0.00599;0.47984;0.10818;-0.02316;-0.07337;0.02100
0.02481;-0.01943;2.23511;0.10818;-0.02299;-0.07350;0.02100
0.05092;-0.03348;2.15215;0.10825;-0.02269;-0.07344;0.02100
0.01314;-0.00633;2.01952;0.10839;-0.02253;-0.07350;0.02100
0.03099;0.00559;1.39232;0.10842;-0.02218;-0.07346;0.02100
0.02004;-0.00202;1.67107;0.10867;-0.02247;-0.07361;0.02100
0.02051;-0.00533;1.82499;0.10886;-0.02269;-0.07371;0.02100
0.02088;-0.00909;1.98135;0.10900;-0.02267;-0.07373;0.02100
0.02151;0.01024;1.12638;0.10912;-0.02267;-0.07394;0.02100
0.03656;-0.00494;1.70512;0.10929;-0.02261;-0.07397;0.02100
0.02841;0.01369;1.12194;0.10951;-0.02239;-0.07388;0.02100
0.02307;-0.04330;2.65224;0.10962;-0.02221;-0.07398;0.02100
0.01660;-0.01003;2.11444;0.10985;-0.02231;-0.07405;0.02100
0.03288;-0.00190;1.62846;0.10995;-0.02221;-0.07414;0.02100
0.03789;-0.01948;2.04548;0.10993;-0.02195;-0.07408;0.02100
0.02922;-0.01387;2.01381;0.10997;-0.02163;-0.07410;0.02100
0.03039;-0.01319;1.98027;0.11015;-0.02187;-0.07400;0.02100
0.00467;-0.01445;2.82869;0.11035;-0.02230;-0.07405;0.02100
0.03685;-0.00732;1.76693;0.11052;-0.02248;-0.07415;0.02100
0.01661;0.00653;1.19601;0.11060;-0.02225;-0.07413;0.02100
0.02301;0.00031;1.55739;0.11080;-0.02225;-0.07438;0.02100
0.01072;-0.00178;1.73502;0.11079;-0.02229;-0.07449;0.02100
0.01379;0.01052;0.91893;0.11085;-0.02239;-0.07449;0.02100
0.02009;-0.01366;2.16789;0.11093;-0.02217;-0.07454;0.02100
-0.01099;-0.00611;-2.07789;0.11099;-0.02204;-0.07455;0.02100
0.03443;0.01034;1.27918;0.11103;-0.02179;-0.07456;0.02100
0.02627;0.00674;1.31979;0.11127;-0.02151;-0.07457;0.02100
0.03943;-0.00760;1.76101;0.11130;-0.02189;-0.07483;0.02100
0.01040;0.00300;1.29017;0.11140;-0.02223;-0.07497;0.02100
0.04305;-0.01656;1.93797;0.11148;-0.02227;-0.07514;0.02100
0.00705;-0.00399;2.08612;0.11171;-0.02263;-0.07524;0.02100
0.00062;-0.01942;3.10986;0.11187;-0.02261;-0.07540;0.02100
0.02612;-0.00623;1.80475;0.11200;-0.02240;-0.07556;0.02100
0.03227;-0.02737;2.27408;0.11222;-0.02223;-0.07565;0.02100
0.01346;-0.02166;2.58575;0.11224;-0.02216;-0.07570;0.02100
0.02512;0.00182;1.49842;0.11239;-0.02214;-0.07578;0.02100
0.03082;0.01566;1.10074;0.11244;-0.02184;-0.07578;0.02100
0.03771;-0.00605;1.72983;0.11261;-0.02158;-0.07602;0.02100
0.04021;-0.02207;2.07256;0.11266;-0.02131;-0.07613;0.02100
0.03839;0.00135;1.53555;0.11266;-0.02121;-0.07619;0.02100
0.01343;0.00731;1.07274;0.11264;-0.02112;-0.07613;0.02100
0.01081;0.01670;0.57415;0.11289;-0.02126;-0.07615;0.02100
0.00370;-0.01325;2.86945;0.11304;-0.02125;-0.07623;0.02100
0.01051;-0.00836;2.24268;0.11306;-0.02103;-0.07623;0.02100
0.01543;0.01019;0.98731;0.11308;-0.02098;-0.07640;0.02100
0.03054;0.02379;0.90905;0.11315;-0.02114;-0.07651;0.02100
0.03131;0.01359;1.16151;0.11340;-0.02118;-0.07664;0.02100
0.03160;-0.00145;1.61674;0.11349;-0.02094;-0.07670;0.02100
0.01470;0.00996;0.97511;0.11382;-0.02116;-0.07673;0.02100
0.03780;-0.00335;1.65917;0.11407;-0.02130;-0.07684;0.02100
0.02840;0.00459;1.41061;0.11422;-0.02128;-0.07692;0.02100
0.05135;-0.02104;1.95935;0.11444;-0.02154;-0.07686;0.02100
0.02128;-0.01223;2.09214;0.11456;-0.02181;-0.07703;0.02100
0.04797;0.00801;1.40544;0.11477;-0.02230;-0.07736;0.02100
0.03022;0.01187;1.19652;0.11495;-0.02267;-0.07748;0.02100
0.04453;-0.01638;1.92314;0.11516;-0.02330;-0.07767;0.02100
0.02990;-0.00934;1.87345;0.11531;-0.02387;-0.07794;0.02100
0.01517;0.01680;0.73421;0.11549;-0.02451;-0.07812;0.02100
0.03141;-0.02743;2.28866;0.11544;-0.02472;-0.07824;0.02100
0.01059;-0.02154;2.68479;0.11557;-0.02509;-0.07833;0.02100
0.02608;0.00607;1.34209;0.11568;-0.02496;-0.07828;0.02100
0.02722;-0.02096;2.22692;0.11583;-0.02484;-0.07822;0.02100
0.03641;0.00816;1.35033;0.11602;-0.02488;-0.07822;0.02100
0.02579;0.01613;1.01177;0.11614;-0.02518;-0.07841;0.02100
0.02355;0.01392;1.03700;0.11628;-0.02550;-0.07839;0.02100
0.04261;0.02589;1.02495;0.11633;-0.02578;-0.07858;0.02100
0.03147;-0.02812;2.29996;0.11648;-0.02594;-0.07873;0.02100
0.05120;-0.01950;1.93447;0.11678;-0.02622;-0.07884;0.02100
0.00307;-0.03520;3.05455;0.11707;-0.02636;-0.07913;0.02100
0.02036;-0.01476;2.19815;0.11711;-0.02617;-0.07916;0.02100
0.01090;-0.02481;2.72766;0.11723;-0.02583;-0.07914;0.02100
0.00284;-0.01924;2.99521;0.11733;-0.02548;-0.07911;0.02100
0.02681;-0.01835;2.17101;0.11738;-0.02525;-0.07915;0.02100
0.00971;0.01002;0.76973;0.11735;-0.02503;-0.07928;0.02100
0.00830;-0.00677;2.25532;0.11746;-0.02470;-0.07934;0.02100
0.03608;-0.01572;1.98165;0.11754;-0.02443;-0.07949;0.02100
0.03127;0.00508;1.40978;0.11776;-0.02460;-0.07969;0.02100
0.03522;-0.01859;2.05649;0.11784;-0.02454;-0.07985;0.02100
0.02549;-0.00261;1.67282;0.11801;-0.02433;-0.07995;0.02100
0.03393;-0.00555;1.73277;0.11808;-0.02400;-0.07999;0.02100
0.04708;0.01359;1.29005;0.11809;-0.02376;-0.08008;0.02100
0.02572;-0.02634;2.36801;0.11818;-0.02340;-0.08018;0.02100
0.01942;0.00479;1.32884;0.11844;-0.02379;-0.08034;0.02100
-0.01093;0.02247;-0.45266;0.11863;-0.02388;-0.08055;0.02100
0.02206;0.03251;0.59615;0.11879;-0.02413;-0.08077;0.02100
0.02048;-0.02188;2.38922;0.11885;-0.02408;-0.08094;0.02100
0.04760;0.00533;1.45929;0.11899;-0.02408;-0.08106;0.02100
0.03297;-0.00688;1.77641;0.11913;-0.02438;-0.08124;0.02100
0.02312;0.00723;1.26776;0.11925;-0.02442;-0.08121;0.02100
0.02661;-0.00977;1.92272;0.11936;-0.02426;-0.08129;0.02100
0.02609;-0.02653;2.36448;0.11948;-0.02407;-0.08134;0.02100
0.04123;-0.00323;1.64892;0.11975;-0.02397;-0.08142;0.02100
0.02150;-0.00654;1.86590;0.11993;-0.02380;-0.08135;0.02100
0.02617;-0.01073;1.95985;0.12004;-0.02403;-0.08159;0.02100
0.01406;-0.00109;1.64823;0.12026;-0.02463;-0.08187;0.02100
0.02972;0.00502;1.40365;0.12043;-0.02451;-0.08207;0.02100
0.03028;-0.01985;2.15094;0.12053;-0.02428;-0.08222;0.02100
0.02299;0.04249;0.49582;0.12058;-0.02404;-0.08222;0.02100
0.00906;-0.00321;1.91118;0.12060;-0.02388;-0.08243;0.02100
0.00785;-0.01594;2.68398;0.12050;-0.02418;-0.08256;0.02100
0.02828;0.01327;1.13201;0.12051;-0.02465;-0.08265;0.02100
0.02296;-0.02039;2.29711;0.12061;-0.02516;-0.08282;0.02100
0.04104;-0.00062;1.58602;0.12083;-0.02568;-0.08313;0.02100
0.01800;-0.01573;2.28914;0.12092;-0.02554;-0.08311;0.02100
0.03183;-0.00030;1.58019;0.12098;-0.02553;-0.08325;0.02100
0.02743;0.03004;0.73983;0.12116;-0.02594;-0.08338;0.02100
0.03810;-0.01153;1.86463;0.12136;-0.02607;-0.08352;0.02100
0.03116;-0.01261;1.95507;0.12155;-0.02608;-0.08354;0.02100
0.03692;-0.00208;1.62694;0.12154;-0.02574;-0.08368;0.02100
0.02689;-0.01033;1.93751;0.12175;-0.02574;-0.08379;0.02100
-0.00914;-0.01985;-2.71015;0.12192;-0.02552;-0.08381;0.02100
0.02490;-0.00697;1.84353;0.12193;-0.02518;-0.08376;0.02100
0.01037;-0.01813;2.62208;0.12190;-0.02498;-0.08372;0.02100
0.02878;-0.01979;2.17308;0.12217;-0.02517;-0.08402;0.02100
0.02329;0.03631;0.57023;0.12241;-0.02574;-0.08434;0.02100
0.03631;-0.01291;1.91217;0.12251;-0.02572;-0.08458;0.02100
-0.00279;-0.00255;-2.30972;0.12263;-0.02574;-0.08474;0.02100
0.01427;-0.00209;1.71631;0.12271;-0.02557;-0.08484;0.02100
0.00845;-0.01185;2.52184;0.12293;-0.02576;-0.08482;0.02100
-0.00398;0.00883;-0.42401;0.12311;-0.02582;-0.08496;0.02100
0.01429;0.00362;1.32274;0.12345;-0.02611;-0.08512;0.02100
-0.00530;0.01012;-0.48297;0.12359;-0.02604;-0.08539;0.02100
0.02863;0.03936;0.62880;0.12372;-0.02637;-0.08554;0.02100
0.01691;0.01162;0.96881;0.12382;-0.02667;-0.08584;0.02100
0.00448;0.02297;0.19270;0.12381;-0.02694;-0.08608;0.02100
0.01362;-0.00006;1.57522;0.12390;-0.02689;-0.08607;0.02100
0.00833;-0.00259;1.87242;0.12421;-0.02717;-0.08612;0.02100
0.00254;0.00291;0.71883;0.12450;-0.02769;-0.08632;0.02100
0.01964;0.00845;1.16478;0.12457;-0.02755;-0.08653;0.02100
0.03964;-0.00092;1.59390;0.12474;-0.02742;-0.08663;0.02100
0.04167;-0.00271;1.63560;0.12480;-0.02716;-0.08658;0.02100
-0.00546;-0.00192;-1.90949;0.12474;-0.02686;-0.08658;0.02100
0.03092;0.01934;1.01184;0.12480;-0.02660;-0.08658;0.02100
0.04241;-0.03674;2.28456;0.12489;-0.02636;-0.08663;0.02100
0.03203;0.00072;1.54824;0.12498;-0.02615;-0.08664;0.02100
0.02046;-0.02365;2.42849;0.12499;-0.02604;-0.08671;0.02100
0.03324;0.00212;1.50709;0.12503;-0.02573;-0.08670;0.02100
0.00440;0.01600;0.26855;0.12521;-0.02595;-0.08673;0.02100
0.03855;-0.00037;1.58037;0.12536;-0.02602;-0.08671;0.02100
0.04166;-0.01148;1.83954;0.12561;-0.02614;-0.08682;0.02100
0.01959;0.02621;0.64200;0.12570;-0.02610;-0.08689;0.02100
0.01334;0.02261;0.53279;0.12589;-0.02638;-0.08704;0.02100
0.02638;-0.01003;1.93390;0.12598;-0.02643;-0.08711;0.02100
0.03644;-0.00998;1.83807;0.12612;-0.02615;-0.08719;0.02100
-0.00222;0.01569;-0.14079;0.12622;-0.02604;-0.08727;0.02100
0.03640;-0.00073;1.59093;0.12621;-0.02606;-0.08723;0.02100
0.02942;0.00977;1.25028;0.12630;-0.02595;-0.08726;0.02100
0.03658;-0.00202;1.62602;0.12650;-0.02643;-0.08738;0.02100
0.02859;-0.00605;1.77926;0.12675;-0.02680;-0.08743;0.02100
0.02523;-0.00526;1.77619;0.12707;-0.02717;-0.08762;0.02100
-0.01073;-0.01208;-2.41527;0.12736;-0.02767;-0.08780;0.02100
0.02505;0.00172;1.50244;0.12750;-0.02764;-0.08789;0.02100
0.04301;-0.01603;1.92734;0.12756;-0.02746;-0.08797;0.02100
0.00942;-0.01698;2.63511;0.12763;-0.02756;-0.08804;0.02100
-0.01797;0.00554;-1.27158;0.12759;-0.02745;-0.08815;0.02100
0.01346;0.00085;1.50753;0.12777;-0.02751;-0.08835;0.02100
-0.00239;0.01560;-0.15177;0.12799;-0.02811;-0.08850;0.02100
0.02089;-0.00291;1.70896;0.12832;-0.02830;-0.08860;0.02100
0.02193;-0.02156;2.34774;0.12858;-0.02841;-0.08862;0.02100
0.02240;-0.00980;1.98306;0.12877;-0.02856;-0.08875;0.02100
0.00484;-0.00176;1.91957;0.12888;-0.02862;-0.08905;0.02100
0.01120;0.00969;0.85774;0.12900;-0.02830;-0.08920;0.02100
0.01345;-0.00332;1.81261;0.12909;-0.02824;-0.08934;0.02100
0.03660;-0.01533;1.96734;0.12925;-0.02815;-0.08938;0.02100
0.00135;-0.00546;2.89926;0.12937;-0.02790;-0.08929;0.02100
0.03072;-0.00601;1.76388;0.12957;-0.02755;-0.08930;0.02100
0.00707;0.00378;1.07994;0.12967;-0.02714;-0.08930;0.02100
0.00270;-0.00589;2.71183;0.12971;-0.02707;-0.08937;0.02100
0.01326;0.02078;0.56788;0.12982;-0.02691;-0.08955;0.02100
0.02438;0.02263;0.82252;0.12989;-0.02667;-0.08955;0.02100
-0.00166;0.00548;-0.29455;0.12988;-0.02656;-0.08957;0.02100
0.01152;0.00043;1.53338;0.12982;-0.02648;-0.08966;0.02100
0.03659;-0.01771;2.02141;0.12977;-0.02649;-0.08985;0.02100
-0.01831;0.01980;-0.74633;0.12977;-0.02623;-0.08981;0.02100
0.02202;0.01468;0.98279;0.12998;-0.02612;-0.08985;0.02100
0.01883;0.00352;1.38604;0.13010;-0.02628;-0.09008;0.02100
0.01073;0.00956;0.84274;0.13024;-0.02673;-0.09040;0.02100
0.01067;-0.03027;2.80283;0.13028;-0.02719;-0.09063;0.02100
0.02430;0.00362;1.42289;0.13033;-0.02706;-0.09077;0.02100
0.00491;-0.01737;2.86610;0.13066;-0.02672;-0.09085;0.02100
0.00367;0.00471;0.66194;0.13089;-0.02693;-0.09104;0.02100
-0.00317;0.02393;-0.13155;0.13095;-0.02734;-0.09119;0.02100
0.02422;0.00662;1.30412;0.13108;-0.02752;-0.09133;0.02100
0.00727;0.01873;0.37026;0.13132;-0.02740;-0.09141;0.02100
0.03382;-0.00600;1.74630;0.13152;-0.02754;-0.09138;0.02100
0.00362;0.03221;0.11191;0.13161;-0.02736;-0.09144;0.02100
0.02517;0.00264;1.46630;0.13177;-0.02727;-0.09157;0.02100
0.02270;-0.01780;2.23580;0.13180;-0.02710;-0.09170;0.02100
0.04178;-0.00985;1.80213;0.13189;-0.02697;-0.09179;0.02100
0.00446;0.01283;0.33437;0.13186;-0.02734;-0.09189;0.02100
0.02546;-0.01143;1.99284;0.13183;-0.02739;-0.09197;0.02100
0.03785;-0.01063;1.84459;0.13205;-0.02717;-0.09196;0.02100
0.02323;-0.00381;1.73333;0.13220;-0.02756;-0.09198;0.02100
0.04170;0.02144;1.09605;0.13227;-0.02772;-0.09202;0.02100
0.02196;0.02022;0.82643;0.13227;-0.02783;-0.09214;0.02100
0.01862;-0.00483;1.82436;0.13237;-0.02772;-0.09235;0.02100
-0.00440;-0.01412;-2.83945;0.13258;-0.02813;-0.09263;0.02100
0.02312;-0.00112;1.61915;0.13270;-0.02877;-0.09275;0.02100
0.04967;-0.01470;1.85836;0.13290;-0.02941;-0.09297;0.02100
0.02419;0.00433;1.39364;0.13313;-0.02955;-0.09298;0.02100
0.04412;-0.00599;1.70564;0.13310;-0.02928;-0.09301;0.02100
0.03089;0.00131;1.52840;0.13314;-0.02900;-0.09305;0.02100
0.02836;-0.01158;1.95836;0.13340;-0.02927;-0.09320;0.02100
0.04951;-0.03000;2.11527;0.13364;-0.02930;-0.09346;0.02100
0.03529;0.01226;1.23653;0.13373;-0.02908;-0.09367;0.02100
0.02174;-0.00200;1.66272;0.13380;-0.02879;-0.09389;0.02100
0.02859;-0.01973;2.17465;0.13394;-0.02878;-0.09408;0.02100
0.02734;0.01876;0.96937;0.13419;-0.02899;-0.09419;0.02100
0.03506;0.00344;1.47297;0.13450;-0.02937;-0.09431;0.02100
0.00088;0.01698;0.05161;0.13466;-0.02941;-0.09413;0.02100
0.01303;-0.01157;2.29686;0.13489;-0.02916;-0.09408;0.02100
-0.02529;0.01037;-1.18164;0.13515;-0.02918;-0.09424;0.02100
0.00682;0.00523;0.91596;0.13535;-0.02950;-0.09454;0.02100
0.02191;0.00557;1.32188;0.13534;-0.02964;-0.09457;0.02100
0.03671;0.00820;1.35107;0.13556;-0.02954;-0.09465;0.02100
0.02478;-0.00700;1.84617;0.13584;-0.02983;-0.09471;0.02100
0.01562;0.01574;0.78151;0.13613;-0.03038;-0.09487;0.02100
0.00601;-0.01294;2.70706;0.13626;-0.03046;-0.09479;0.02100
0.02730;0.00240;1.48299;0.13644;-0.03026;-0.09480;0.02100
0.01651;0.03043;0.49687;0.13666;-0.03016;-0.09497;0.02100
0.00340;0.00358;0.75886;0.13691;-0.03062;-0.09519;0.02100
0.02159;0.01375;1.00388;0.13690;-0.03072;-0.09537;0.02100
0.00542;0.01244;0.41085;0.13700;-0.03078;-0.09528;0.02100
0.01201;0.01634;0.63388;0.13716;-0.03088;-0.09525;0.02100
0.01362;-0.02008;2.54570;0.13717;-0.03069;-0.09524;0.02100
0.01114;0.00737;0.98659;0.13733;-0.03027;-0.09523;0.02100
0.03262;-0.01707;2.05280;0.13747;-0.02991;-0.09528;0.02100
0.00584;0.01186;0.45741;0.13739;-0.02965;-0.09541;0.02100
0.01707;-0.00393;1.79734;0.13749;-0.02931;-0.09547;0.02100
0.04270;0.00700;1.40847;0.13758;-0.02919;-0.09546;0.02100
0.04061;0.03435;0.86881;0.13772;-0.02919;-0.09542;0.02100
0.02610;-0.00987;1.93219;0.13785;-0.02888;-0.09548;0.02100
0.03125;-0.00783;1.81624;0.13791;-0.02874;-0.09559;0.02100
0.01306;-0.00641;2.02694;0.13795;-0.02905;-0.09576;0.02100
0.02708;0.00716;1.31234;0.13822;-0.02941;-0.09597;0.02100
0.05020;-0.00892;1.74652;0.13835;-0.02923;-0.09607;0.02100
0.01082;0.00691;1.00227;0.13841;-0.02872;-0.09601;0.02100
0.00129;0.02352;0.05463;0.13849;-0.02827;-0.09602;0.02100
0.04007;-0.03945;2.34843;0.13860;-0.02816;-0.09616;0.02100
0.04417;0.00930;1.36344;0.13869;-0.02788;-0.09616;0.02100
0.01401;0.00655;1.13346;0.13880;-0.02766;-0.09619;0.02100
0.01170;0.01872;0.55860;0.13896;-0.02740;-0.09630;0.02100
0.02047;0.00799;1.19860;0.13911;-0.02714;-0.09644;0.02100
0.03958;-0.01578;1.94998;0.13935;-0.02701;-0.09653;0.02100
0.00918;-0.01099;2.44577;0.13940;-0.02688;-0.09655;0.02100
0.02873;-0.00842;1.85591;0.13950;-0.02647;-0.09656;0.02100
0.03141;-0.00000;1.57080;0.13969;-0.02621;-0.09648;0.02100
0.00815;-0.01649;2.68245;0.13981;-0.02626;-0.09658;0.02100
-0.02047;-0.03971;-2.66575;0.13984;-0.02626;-0.09669;0.02100
0.04655;-0.01598;1.90123;0.14008;-0.02664;-0.09683;0.02100
0.00953;0.01160;0.68801;0.14023;-0.02660;-0.09693;0.02100
0.01932;-0.00737;1.93532;0.14026;-0.02641;-0.09693;0.02100
0.01256;-0.01121;2.29926;0.14037;-0.02632;-0.09693;0.02100
0.01606;-0.00570;1.91188;0.14051;-0.02613;-0.09693;0.02100
0.00407;-0.00109;1.83326;0.14063;-0.02581;-0.09710;0.02100
0.02464;0.00670;1.30537;0.14085;-0.02588;-0.09729;0.02100
0.02218;-0.01782;2.24756;0.14103;-0.02635;-0.09756;0.02100
0.01886;-0.01422;2.21685;0.14122;-0.02639;-0.09767;0.02100
0.01133;0.02914;0.37069;0.14139;-0.02634;-0.09784;0.02100
0.00093;-0.01851;3.09163;0.14151;-0.02642;-0.09800;0.02100
0.00484;-0.01948;2.89808;0.14154;-0.02642;-0.09805;0.02100
0.00594;0.00321;1.07437;0.14140;-0.02613;-0.09805;0.02100
0.02588;0.03305;0.66434;0.14154;-0.02639;-0.09831;0.02100
0.02344;-0.00258;1.68030;0.14163;-0.02647;-0.09844;0.02100
-0.00688;-0.01713;-2.75987;0.14172;-0.02660;-0.09848;0.02100
0.01405;-0.01198;2.27655;0.14183;-0.02658;-0.09853;0.02100
0.03839;-0.00578;1.72015;0.14188;-0.02648;-0.09856;0.02100
0.00592;0.02595;0.22420;0.14194;-0.02634;-0.09843;0.02100
0.01161;-0.02034;2.62277;0.14214;-0.02660;-0.09852;0.02100
0.01099;0.00681;1.01611;0.14235;-0.02677;-0.09856;0.02100
0.01014;0.00889;0.85109;0.14234;-0.02661;-0.09876;0.02100
0.01088;0.00381;1.23387;0.14227;-0.02637;-0.09884;0.02100
0.01845;-0.03676;2.67663;0.14231;-0.02677;-0.09888;0.02100
0.03428;0.00006;1.56895;0.14243;-0.02738;-0.09913;0.02100
0.02002;0.00651;1.25649;0.14257;-0.02770;-0.09940;0.02100
0.01975;0.00043;1.54899;0.14265;-0.02766;-0.09951;0.02100
0.01996;-0.00944;2.01252;0.14283;-0.02745;-0.09972;0.02100
0.00378;0.03581;0.10515;0.14289;-0.02725;-0.09985;0.02100
0.04074;0.00323;1.49174;0.14301;-0.02706;-0.10002;0.02100
0.01958;-0.00268;1.70660;0.14308;-0.02687;-0.10012;0.02100
0.01020;-0.01111;2.39890;0.14324;-0.02734;-0.10036;0.02100
0.03077;-0.00683;1.78905;0.14343;-0.02733;-0.10066;0.02100
0.01085;0.01687;0.57134;0.14362;-0.02751;-0.10092;0.02100
-0.00835;0.04008;-0.20533;0.14372;-0.02774;-0.10099;0.02100
-0.00280;-0.01036;-2.87733;0.14387;-0.02754;-0.10109;0.02100
0.00776;0.03947;0.19407;0.14387;-0.02779;-0.10117;0.02100
0.02537;-0.01480;2.09887;0.14396;-0.02799;-0.10140;0.02100
-0.01286;-0.01304;-2.36339;0.14416;-0.02845;-0.10170;0.02100
-0.00648;0.04714;-0.13653;0.14436;-0.02860;-0.10189;0.02100
0.03251;0.00243;1.49631;0.14447;-0.02832;-0.10196;0.02100
-0.01304;0.00831;-1.00347;0.14461;-0.02824;-0.10198;0.02100
0.00439;0.03398;0.12838;0.14480;-0.02853;-0.10197;0.02100
0.02742;-0.01678;2.11997;0.14481;-0.02861;-0.10209;0.02100
0.02032;0.00669;1.25268;0.14486;-0.02846;-0.10213;0.02100
0.02838;-0.02131;2.21464;0.14500;-0.02824;-0.10237;0.02100
0.04924;-0.02027;1.96115;0.14523;-0.02807;-0.10257;0.02100
0.02929;-0.01830;2.12921;0.14526;-0.02827;-0.10256;0.02100
0.05048;-0.01516;1.86236;0.14527;-0.02803;-0.10265;0.02100
0.01406;0.00135;1.47502;0.14539;-0.02780;-0.10279;0.02100
0.00748;0.00668;0.84162;0.14555;-0.02759;-0.10279;0.02100
0.00917;-0.00511;2.07903;0.14562;-0.02729;-0.10288;0.02100
0.02610;0.02903;0.73223;0.14566;-0.02690;-0.10295;0.02100
0.03572;0.00456;1.44390;0.14579;-0.02674;-0.10309;0.02100
0.02103;-0.01425;2.16614;0.14589;-0.02706;-0.10319;0.02100
0.00308;0.00560;0.50242;0.14602;-0.02754;-0.10325;0.02100
0.01169;0.01868;0.55890;0.14623;-0.02753;-0.10338;0.02100
-0.00025;0.03204;-0.00768;0.14635;-0.02741;-0.10335;0.02100
0.01255;0.00845;0.97824;0.14638;-0.02722;-0.10326;0.02100
-0.01051;-0.00244;-1.79929;0.14643;-0.02709;-0.10317;0.02100
-0.01954;-0.00496;-1.81946;0.14651;-0.02697;-0.10310;0.02100
0.03981;-0.00157;1.61017;0.14651;-0.02680;-0.10307;0.02100
-0.00369;-0.01881;-2.94797;0.14660;-0.02646;-0.10295;0.02100
0.01466;0.02052;0.62025;0.14659;-0.02631;-0.10308;0.02100
0.00912;0.04276;0.21011;0.14664;-0.02653;-0.10312;0.02100
0.01873;0.00075;1.53068;0.14662;-0.02651;-0.10320;0.02100
-0.00468;-0.00349;-2.21216;0.14670;-0.02639;-0.10318;0.02100
0.00203;0.00670;0.29398;0.14673;-0.02624;-0.10329;0.02100
0.00747;0.00957;0.66320;0.14688;-0.02606;-0.10329;0.02100
0.00744;0.01232;0.54326;0.14697;-0.02601;-0.10337;0.02100
0.05307;0.02750;1.09301;0.14705;-0.02581;-0.10348;0.02100
0.00811;0.00565;0.96211;0.14701;-0.02569;-0.10366;0.02100
0.00315;0.01331;0.23210;0.14706;-0.02558;-0.10371;0.02100
0.04574;-0.01949;1.97343;0.14714;-0.02567;-0.10376;0.02100
0.00453;-0.00633;2.52042;0.14725;-0.02556;-0.10383;0.02100
-0.00648;-0.00006;-1.58032;0.14741;-0.02532;-0.10380;0.02100
0.04784;0.00956;1.37365;0.14762;-0.02504;-0.10386;0.02100
-0.00963;0.02291;-0.39804;0.14769;-0.02490;-0.10398;0.02100
0.00678;0.01227;0.50456;0.14787;-0.02479;-0.10405;0.02100
0.01178;0.02343;0.46573;0.14814;-0.02525;-0.10409;0.02100
-0.01476;-0.00224;-1.72154;0.14823;-0.02536;-0.10418;0.02100
-0.00989;0.01020;-0.77011;0.14815;-0.02509;-0.10428;0.02100
-0.00091;-0.00340;-2.87988;0.14807;-0.02527;-0.10444;0.02100
0.00545;-0.01403;2.77091;0.14792;-0.02535;-0.10452;0.02100
0.02624;-0.00914;1.90590;0.14780;-0.02521;-0.10470;0.02100
0.00915;0.00263;1.29069;0.14775;-0.02513;-0.10479;0.02100
0.02101;0.01107;1.08607;0.14777;-0.02479;-0.10480;0.02100
0.00516;-0.00889;2.61569;0.14775;-0.02446;-0.10492;0.02100
-0.00050;0.01003;-0.04934;0.14784;-0.02445;-0.10511;0.02100
0.02407;0.01170;1.11841;0.14804;-0.02425;-0.10499;0.02100
0.01402;0.00873;1.01420;0.14834;-0.02433;-0.10511;0.02100
0.03673;0.00099;1.54382;0.14849;-0.02424;-0.10517;0.02100
0.02476;0.00508;1.36854;0.14866;-0.02425;-0.10515;0.02100
0.03213;0.01815;1.05660;0.14878;-0.02414;-0.10509;0.02100
0.02408;-0.01498;2.12711;0.14895;-0.02410;-0.10511;0.02100
0.00506;0.00093;1.38987;0.14895;-0.02409;-0.10521;0.02100
0.03822;-0.00749;1.76421;0.14911;-0.02399;-0.10543;0.02100
0.01807;-0.00802;1.98871;0.14930;-0.02386;-0.10546;0.02100
0.01365;0.02369;0.52252;0.14926;-0.02362;-0.10560;0.02100
0.02759;-0.00283;1.67312;0.14926;-0.02322;-0.10570;0.02100
-0.01129;-0.00177;-1.72629;0.14923;-0.02306;-0.10573;0.02100
-0.00167;-0.01678;-3.04229;0.14925;-0.02287;-0.10581;0.02100
0.03228;-0.00233;1.64291;0.14924;-0.02275;-0.10579;0.02100
0.04019;-0.00427;1.67655;0.14934;-0.02290;-0.10598;0.02100
0.00725;0.01811;0.38051;0.14939;-0.02325;-0.10605;0.02100
0.02349;0.00323;1.43399;0.14957;-0.02333;-0.10607;0.02100
0.00580;0.01192;0.45312;0.14978;-0.02329;-0.10611;0.02100
0.01193;0.01862;0.56968;0.14999;-0.02327;-0.10616;0.02100
0.00925;-0.04543;2.94081;0.15021;-0.02366;-0.10629;0.02100
0.01979;0.00984;1.10959;0.15030;-0.02355;-0.10656;0.02100
-0.00796;0.04096;-0.19189;0.15038;-0.02349;-0.10661;0.02100
0.01281;0.00879;0.96953;0.15034;-0.02328;-0.10665;0.02100
0.03120;0.00579;1.38726;0.15050;-0.02354;-0.10677;0.02100
0.03284;-0.00783;1.80479;0.15060;-0.02398;-0.10688;0.02100
0.03929;-0.00463;1.68800;0.15071;-0.02435;-0.10701;0.02100
-0.02066;0.04179;-0.45900;0.15089;-0.02480;-0.10717;0.02100
-0.02674;0.00112;-1.52896;0.15109;-0.02504;-0.10751;0.02100
0.00110;0.00795;0.13759;0.15114;-0.02516;-0.10758;0.02100
0.01683;-0.01808;2.39177;0.15116;-0.02525;-0.10763;0.02100
0.01267;-0.01687;2.49751;0.15129;-0.02572;-0.10792;0.02100
0.02161;0.01154;1.08040;0.15155;-0.02567;-0.10795;0.02100
0.01695;0.01504;0.84506;0.15181;-0.02549;-0.10810;0.02100
0.02714;-0.01496;2.07442;0.15198;-0.02553;-0.10809;0.02100
0.00093;0.02158;0.04308;0.15212;-0.02541;-0.10817;0.02100
0.02151;-0.02175;2.36184;0.15237;-0.02555;-0.10838;0.02100
0.01978;-0.01045;2.05669;0.15257;-0.02560;-0.10846;0.02100