0.38;1.12;-88.81;0.14;0.05;-0.14;
0.38;1.12;-88.81;0.14;0.05;-0.14;
0.38;1.12;-88.81;0.14;0.05;-0.14;
2.65;-0.30;-87.34;0.14;0.05;-0.14;
2.65;-0.30;-87.34;0.14;0.05;-0.14;
2.65;-0.30;-87.34;0.14;0.05;-0.14;
1.73;-3.95;-85.69;0.14;0.05;-0.14;
0.96;2.13;-87.66;0.14;0.05;-0.14;
0.96;2.13;-87.66;0.14;0.05;-0.14;
2.70;2.42;-86.38;0.14;0.05;-0.14;
2.70;2.42;-86.38;0.14;0.05;-0.14;
-1.31;-6.91;-82.96;0.14;0.05;-0.14;
2.00;2.54;-86.77;0.14;0.05;-0.14;
2.00;2.54;-86.77;0.14;0.05;-0.14;
2.00;2.54;-86.77;0.14;0.05;-0.14;
2.05;0.57;-87.87;0.14;0.05;-0.14;
2.05;0.57;-87.87;0.14;0.05;-0.14;
2.05;0.57;-87.87;0.14;0.05;-0.14;
4.58;2.49;-84.79;0.14;0.05;-0.14;
3.21;-0.20;-86.78;0.14;0.06;-0.14;
3.21;-0.20;-86.78;0.14;0.06;-0.14;
4.69;1.05;-85.20;0.14;0.06;-0.14;
4.69;1.05;-85.20;0.14;0.06;-0.14;
2.98;-2.52;-86.10;0.14;0.06;-0.14;
3.79;1.15;-86.04;0.14;0.06;-0.14;
3.79;1.15;-86.04;0.14;0.06;-0.14;
3.79;1.15;-86.04;0.14;0.06;-0.14;
0.00;2.85;-87.15;0.14;0.06;-0.15;
0.00;2.85;-87.15;0.14;0.06;-0.15;
0.00;2.85;-87.15;0.14;0.06;-0.15;
-0.95;-1.06;-88.58;0.14;0.06;-0.15;
2.83;0.39;-87.15;0.14;0.06;-0.15;
2.83;0.39;-87.15;0.14;0.06;-0.15;
5.42;1.82;-84.28;0.14;0.06;-0.15;
5.42;1.82;-84.28;0.14;0.06;-0.15;
-1.02;1.33;-88.32;0.14;0.06;-0.15;
-0.92;-3.93;-85.96;0.14;0.06;-0.15;
-0.92;-3.93;-85.96;0.14;0.06;-0.15;
-0.92;-3.93;-85.96;0.14;0.06;-0.15;
5.29;4.38;-83.12;0.14;0.06;-0.15;
5.29;4.38;-83.12;0.14;0.06;-0.15;
5.29;4.38;-83.12;0.14;0.06;-0.15;
5.89;1.12;-84.00;0.14;0.06;-0.15;
2.99;-1.86;-86.48;0.14;0.07;-0.15;
2.99;-1.86;-86.48;0.14;0.07;-0.15;
-0.17;3.92;-86.08;0.14;0.07;-0.15;
-0.17;3.92;-86.08;0.14;0.07;-0.15;
0.98;2.18;-87.61;0.14;0.06;-0.15;
0.98;2.18;-87.61;0.14;0.06;-0.15;
0.98;2.18;-87.61;0.14;0.06;-0.15;
0.98;2.18;-87.61;0.14;0.06;-0.15;
1.15;3.83;-86.00;0.14;0.06;-0.15;
1.15;3.83;-86.00;0.14;0.06;-0.15;
1.15;3.83;-86.00;0.14;0.06;-0.15;
-0.43;0.94;-88.97;0.14;0.06;-0.15;
0.17;2.01;-87.98;0.14;0.07;-0.15;
-2.68;-4.43;-84.82;0.14;0.07;-0.15;
-2.68;-4.43;-84.82;0.14;0.07;-0.15;
-2.68;-4.43;-84.82;0.14;0.07;-0.15;
-2.72;-3.14;-85.84;0.14;0.06;-0.15;
-2.72;-3.14;-85.84;0.14;0.06;-0.15;
-2.72;-3.14;-85.84;0.14;0.06;-0.15;
-2.72;-3.14;-85.84;0.14;0.06;-0.15;
5.46;-0.03;-84.54;0.14;0.06;-0.15;
5.46;-0.03;-84.54;0.14;0.06;-0.15;
6.78;4.10;-82.06;0.14;0.06;-0.15;
6.78;4.10;-82.06;0.14;0.06;-0.15;
3.74;2.66;-85.40;0.14;0.07;-0.15;
0.41;-0.68;-89.21;0.14;0.07;-0.15;
0.41;-0.68;-89.21;0.14;0.07;-0.15;
0.41;-0.68;-89.21;0.14;0.07;-0.15;
6.46;1.46;-83.37;0.14;0.07;-0.15;
6.46;1.46;-83.37;0.14;0.07;-0.15;
6.46;1.46;-83.37;0.14;0.07;-0.15;
6.46;1.46;-83.37;0.14;0.07;-0.15;
1.02;2.47;-87.33;0.14;0.06;-0.15;
1.02;2.47;-87.33;0.14;0.06;-0.15;
1.03;-3.36;-86.49;0.14;0.06;-0.15;
1.03;-3.36;-86.49;0.14;0.06;-0.15;
0.99;1.77;-87.97;0.14;0.07;-0.15;
0.74;2.19;-87.69;0.14;0.07;-0.15;
0.74;2.19;-87.69;0.14;0.07;-0.15;
0.74;2.19;-87.69;0.14;0.07;-0.15;
-2.68;-2.59;-86.27;0.14;0.07;-0.15;
-2.68;-2.59;-86.27;0.14;0.07;-0.15;
-2.68;-2.59;-86.27;0.14;0.07;-0.15;
-1.82;-3.93;-85.67;0.14;0.07;-0.15;
-1.82;-3.93;-85.67;0.14;0.07;-0.15;
-1.82;-3.93;-85.67;0.14;0.07;-0.15;
-2.78;-2.98;-85.93;0.14;0.07;-0.15;
3.37;-0.16;-86.62;0.14;0.07;-0.15;
3.37;-0.16;-86.62;0.14;0.07;-0.15;
-1.77;0.67;-88.10;0.14;0.07;-0.15;
-1.77;0.67;-88.10;0.14;0.07;-0.15;
-2.34;1.99;-86.93;0.14;0.07;-0.15;
3.43;3.90;-84.80;0.14;0.07;-0.15;
3.43;3.90;-84.80;0.14;0.07;-0.15;
3.43;3.90;-84.80;0.14;0.07;-0.15;
3.99;-1.28;-85.81;0.14;0.07;-0.15;
3.99;-1.28;-85.81;0.14;0.07;-0.15;
3.99;-1.28;-85.81;0.14;0.07;-0.15;
1.20;-0.58;-88.67;0.14;0.07;-0.15;
3.08;1.73;-86.47;0.14;0.07;-0.15;
3.08;1.73;-86.47;0.14;0.07;-0.15;
-1.00;1.51;-88.19;0.14;0.07;-0.15;
-1.00;1.51;-88.19;0.14;0.07;-0.15;
-1.07;2.22;-87.54;0.14;0.07;-0.15;
1.20;-0.11;-88.79;0.14;0.07;-0.15;
1.20;-0.11;-88.79;0.14;0.07;-0.15;
1.20;-0.11;-88.79;0.14;0.07;-0.15;
-0.30;-0.62;-89.31;0.14;0.07;-0.15;
-0.30;-0.62;-89.31;0.14;0.07;-0.15;
-0.30;-0.62;-89.31;0.14;0.07;-0.15;
-0.64;-0.21;-89.32;0.14;0.07;-0.15;
-0.62;0.80;-88.99;0.14;0.07;-0.15;
0.62;1.16;-88.68;0.14;0.07;-0.15;
0.62;1.16;-88.68;0.14;0.07;-0.15;
0.62;1.16;-88.68;0.14;0.07;-0.15;
0.83;-3.03;-86.85;0.14;0.07;-0.15;
0.83;-3.03;-86.85;0.14;0.07;-0.15;
0.83;-3.03;-86.85;0.14;0.07;-0.15;
0.83;-3.03;-86.85;0.14;0.07;-0.15;
1.50;-1.11;-88.13;0.15;0.07;-0.15;
1.50;-1.11;-88.13;0.15;0.07;-0.15;
2.02;2.10;-87.08;0.15;0.07;-0.15;
0.44;0.71;-89.16;0.15;0.08;-0.15;
0.44;0.71;-89.16;0.15;0.08;-0.15;
-0.46;0.85;-89.03;0.15;0.08;-0.15;
-0.46;0.85;-89.03;0.15;0.08;-0.15;
0.98;4.30;-85.59;0.15;0.07;-0.15;
4.47;2.99;-84.62;0.15;0.07;-0.15;
4.47;2.99;-84.62;0.15;0.07;-0.15;
4.47;2.99;-84.62;0.15;0.07;-0.15;
2.60;1.86;-86.80;0.15;0.07;-0.15;
2.60;1.86;-86.80;0.15;0.07;-0.15;
2.60;1.86;-86.80;0.15;0.07;-0.15;
2.45;1.99;-86.84;0.15;0.07;-0.15;
0.95;2.02;-87.77;0.15;0.07;-0.15;
0.95;2.02;-87.77;0.15;0.07;-0.15;
2.24;4.80;-84.71;0.15;0.07;-0.15;
2.24;4.80;-84.71;0.15;0.07;-0.15;
3.60;4.79;-84.01;0.15;0.07;-0.15;
-0.55;2.65;-87.29;0.15;0.07;-0.15;
-0.55;2.65;-87.29;0.15;0.07;-0.15;
-0.55;2.65;-87.29;0.15;0.07;-0.15;
-0.50;1.75;-88.18;0.15;0.07;-0.15;
-0.50;1.75;-88.18;0.15;0.07;-0.15;
-0.50;1.75;-88.18;0.15;0.07;-0.15;
2.97;-1.88;-86.49;0.15;0.07;-0.15;
2.58;-3.46;-85.68;0.15;0.07;-0.15;
2.58;-3.46;-85.68;0.15;0.07;-0.15;
4.14;0.75;-85.79;0.15;0.07;-0.15;
4.14;0.75;-85.79;0.15;0.07;-0.15;
-3.89;-0.41;-86.09;0.15;0.07;-0.15;
2.01;5.19;-84.43;0.15;0.07;-0.15;
2.01;5.19;-84.43;0.15;0.07;-0.15;
2.01;5.19;-84.43;0.15;0.07;-0.15;
0.74;2.12;-87.75;0.15;0.07;-0.15;
0.74;2.12;-87.75;0.15;0.07;-0.15;
0.74;2.12;-87.75;0.15;0.07;-0.15;
1.09;1.04;-88.49;0.15;0.07;-0.15;
0.73;1.86;-88.00;0.15;0.07;-0.15;
0.73;1.86;-88.00;0.15;0.06;-0.15;
0.21;2.28;-87.71;0.15;0.06;-0.15;
0.21;2.28;-87.71;0.15;0.06;-0.15;
-3.33;1.75;-86.23;0.15;0.06;-0.15;
4.51;0.84;-85.42;0.15;0.07;-0.15;
4.51;0.84;-85.42;0.15;0.07;-0.15;
4.51;0.84;-85.42;0.15;0.07;-0.15;
2.68;3.69;-85.44;0.15;0.06;-0.16;
2.68;3.69;-85.44;0.15;0.06;-0.16;
2.68;3.69;-85.44;0.15;0.06;-0.16;
3.44;-0.08;-86.56;0.15;0.06;-0.16;
-1.78;-0.64;-88.11;0.15;0.06;-0.16;
-1.78;-0.64;-88.11;0.15;0.06;-0.16;
3.47;-0.76;-86.45;0.15;0.06;-0.16;
3.47;-0.76;-86.45;0.15;0.06;-0.16;
1.86;-1.78;-87.43;0.15;0.06;-0.16;
-0.86;1.78;-88.02;0.15;0.06;-0.16;
-0.86;1.78;-88.02;0.15;0.06;-0.16;
-0.86;1.78;-88.02;0.15;0.06;-0.16;
-4.34;-4.78;-83.54;0.15;0.06;-0.16;
-4.34;-4.78;-83.54;0.15;0.06;-0.16;
-4.34;-4.78;-83.54;0.15;0.06;-0.16;
7.10;-1.18;-82.81;0.15;0.06;-0.16;
2.61;-0.11;-87.39;0.15;0.06;-0.16;
2.61;-0.11;-87.39;0.15;0.06;-0.16;
0.76;4.53;-85.41;0.15;0.06;-0.16;
0.76;4.53;-85.41;0.15;0.06;-0.16;
0.83;3.05;-86.84;0.15;0.06;-0.16;
0.83;3.05;-86.84;0.15;0.06;-0.16;
0.83;3.05;-86.84;0.15;0.06;-0.16;
0.83;3.05;-86.84;0.15;0.06;-0.16;
-5.33;1.51;-84.46;0.15;0.06;-0.16;
-5.33;1.51;-84.46;0.15;0.06;-0.16;
1.15;-2.50;-87.25;0.15;0.06;-0.16;
1.15;-2.50;-87.25;0.15;0.06;-0.16;
3.71;-0.17;-86.29;0.15;0.06;-0.16;
5.88;0.86;-84.05;0.15;0.06;-0.16;
5.88;0.86;-84.05;0.15;0.06;-0.16;
5.88;0.86;-84.05;0.15;0.06;-0.16;
0.11;2.72;-87.28;0.15;0.06;-0.16;
0.11;2.72;-87.28;0.15;0.06;-0.16;
0.11;2.72;-87.28;0.15;0.06;-0.16;
1.18;4.79;-85.07;0.15;0.06;-0.16;
1.51;-0.70;-88.33;0.15;0.07;-0.16;
1.51;-0.70;-88.33;0.15;0.07;-0.16;
-0.30;0.79;-89.15;0.15;0.07;-0.16;
-0.30;0.79;-89.15;0.15;0.07;-0.16;
0.87;3.06;-86.82;0.15;0.06;-0.16;
0.36;2.41;-87.56;0.15;0.06;-0.16;
0.36;2.41;-87.56;0.15;0.06;-0.16;
0.36;2.41;-87.56;0.15;0.06;-0.16;
-2.23;0.25;-87.75;0.15;0.07;-0.16;
-2.23;0.25;-87.75;0.15;0.07;-0.16;
-2.23;0.25;-87.75;0.15;0.07;-0.16;
-4.86;-3.02;-84.28;0.15;0.07;-0.16;
2.78;5.22;-84.08;0.15;0.07;-0.16;
2.78;5.22;-84.08;0.15;0.07;-0.16;
-2.82;-0.14;-87.18;0.15;0.07;-0.16;
2.37;-0.06;-87.63;0.15;0.07;-0.16;
2.37;-0.06;-87.63;0.15;0.07;-0.16;
0.67;1.87;-88.01;0.15;0.07;-0.16;
0.67;1.87;-88.01;0.15;0.07;-0.16;
5.01;-1.41;-84.79;0.15;0.07;-0.16;
0.03;2.09;-87.91;0.15;0.07;-0.16;
0.03;2.09;-87.91;0.15;0.07;-0.16;
0.03;2.09;-87.91;0.15;0.07;-0.16;
-5.27;-2.78;-84.04;0.15;0.07;-0.16;
-5.27;-2.78;-84.04;0.15;0.07;-0.16;
-5.27;-2.78;-84.04;0.15;0.07;-0.16;
2.95;3.84;-85.16;0.15;0.07;-0.16;
-2.30;1.27;-87.38;0.15;0.07;-0.16;
-2.30;1.27;-87.38;0.15;0.07;-0.16;
3.27;4.36;-84.54;0.15;0.07;-0.16;
3.27;4.36;-84.54;0.15;0.07;-0.16;
2.51;1.57;-87.04;0.15;0.06;-0.16;
3.85;-1.50;-85.87;0.15;0.06;-0.16;
3.85;-1.50;-85.87;0.15;0.06;-0.16;
3.85;-1.50;-85.87;0.15;0.06;-0.16;
2.87;1.33;-86.83;0.15;0.07;-0.16;
2.87;1.33;-86.83;0.15;0.07;-0.16;
2.87;1.33;-86.83;0.15;0.07;-0.16;
-3.73;-2.99;-85.22;0.15;0.07;-0.16;
2.10;0.29;-87.88;0.15;0.07;-0.16;
2.10;0.29;-87.88;0.15;0.07;-0.16;
-4.63;-3.88;-83.95;0.15;0.07;-0.16;
-4.63;-3.88;-83.95;0.15;0.07;-0.16;
-0.56;1.03;-88.83;0.15;0.07;-0.16;
-0.56;1.03;-88.83;0.15;0.07;-0.16;
-0.56;1.03;-88.83;0.15;0.07;-0.16;
-0.56;1.03;-88.83;0.15;0.07;-0.16;
0.85;2.70;-87.17;0.15;0.07;-0.16;
0.85;2.70;-87.17;0.15;0.07;-0.16;
0.85;2.70;-87.17;0.15;0.07;-0.16;
-0.26;1.14;-88.83;0.15;0.07;-0.16;
-1.58;0.65;-88.29;0.15;0.07;-0.16;
-1.58;0.65;-88.29;0.15;0.07;-0.16;
5.53;1.32;-84.31;0.15;0.07;-0.16;
5.53;1.32;-84.31;0.15;0.07;-0.16;
2.96;-1.23;-86.79;0.15;0.07;-0.17;
-0.19;-0.03;-89.80;0.15;0.07;-0.17;
-0.19;-0.03;-89.80;0.15;0.07;-0.17;
-0.19;-0.03;-89.80;0.15;0.07;-0.17;
1.93;-0.49;-88.01;0.16;0.07;-0.17;
1.93;-0.49;-88.01;0.16;0.07;-0.17;
1.93;-0.49;-88.01;0.16;0.07;-0.17;
3.40;-1.11;-86.42;0.16;0.07;-0.17;
3.02;-2.47;-86.09;0.16;0.07;-0.17;
3.02;-2.47;-86.09;0.16;0.07;-0.17;
3.92;1.18;-85.90;0.16;0.07;-0.17;
3.98;4.28;-84.15;0.16;0.07;-0.17;
3.98;4.28;-84.15;0.16;0.07;-0.17;
-3.68;-1.71;-85.94;0.16;0.07;-0.17;
-3.68;-1.71;-85.94;0.16;0.07;-0.17;
4.49;0.81;-85.44;0.16;0.07;-0.17;
4.49;0.81;-85.44;0.16;0.07;-0.17;
4.49;0.81;-85.44;0.16;0.07;-0.17;
4.49;0.81;-85.44;0.16;0.07;-0.17;
3.46;1.73;-86.14;0.16;0.07;-0.17;
3.46;1.73;-86.14;0.16;0.07;-0.17;
3.46;1.73;-86.14;0.16;0.07;-0.17;
-3.69;2.01;-85.80;0.16;0.07;-0.17;
1.97;-3.04;-86.38;0.16;0.07;-0.17;
2.22;1.62;-87.25;0.16;0.07;-0.17;
2.22;1.62;-87.25;0.16;0.07;-0.17;
2.22;1.62;-87.25;0.16;0.07;-0.17;
2.19;3.00;-86.29;0.16;0.07;-0.17;
2.19;3.00;-86.29;0.16;0.07;-0.17;
2.19;3.00;-86.29;0.16;0.07;-0.17;
2.65;3.31;-85.76;0.16;0.07;-0.17;
-0.32;1.95;-88.02;0.16;0.07;-0.17;
-0.32;1.95;-88.02;0.16;0.07;-0.17;
-0.61;-4.30;-85.66;0.16;0.07;-0.17;
-0.61;-4.30;-85.66;0.16;0.07;-0.17;
-3.49;0.61;-86.46;0.16;0.07;-0.17;
7.16;2.18;-82.51;0.16;0.07;-0.17;
7.16;2.18;-82.51;0.16;0.07;-0.17;
7.16;2.18;-82.51;0.16;0.07;-0.17;
3.37;0.86;-86.52;0.16;0.07;-0.17;
3.37;0.86;-86.52;0.16;0.07;-0.17;
3.37;0.86;-86.52;0.16;0.07;-0.17;
0.88;-0.62;-88.92;0.16;0.07;-0.17;
2.89;-3.42;-85.52;0.16;0.07;-0.17;
2.89;-3.42;-85.52;0.16;0.07;-0.17;
-1.76;-0.48;-88.18;0.16;0.07;-0.17;
-1.76;-0.48;-88.18;0.16;0.07;-0.17;
0.42;3.78;-86.19;0.16;0.07;-0.17;
3.42;0.17;-86.57;0.16;0.07;-0.17;
3.42;0.17;-86.57;0.16;0.07;-0.17;
3.42;0.17;-86.57;0.16;0.07;-0.17;
2.12;1.49;-87.41;0.16;0.07;-0.17;
2.12;1.49;-87.41;0.16;0.07;-0.17;
2.12;1.49;-87.41;0.16;0.07;-0.17;
6.01;2.13;-83.62;0.16;0.07;-0.17;
1.85;-2.26;-87.08;0.16;0.07;-0.17;
1.85;-2.26;-87.08;0.16;0.07;-0.17;
1.87;-0.56;-88.05;0.16;0.07;-0.17;
1.87;-0.56;-88.05;0.16;0.07;-0.17;
-0.29;-3.62;-86.37;0.16;0.08;-0.17;
3.44;-2.64;-85.66;0.16;0.08;-0.17;
3.44;-2.64;-85.66;0.16;0.08;-0.17;
3.44;-2.64;-85.66;0.16;0.08;-0.17;
0.44;2.26;-87.70;0.16;0.07;-0.17;
0.44;2.26;-87.70;0.16;0.07;-0.17;
0.44;2.26;-87.70;0.16;0.07;-0.17;
2.66;4.05;-85.15;0.16;0.07;-0.17;
1.69;0.00;-88.31;0.16;0.07;-0.17;
1.69;0.00;-88.31;0.16;0.07;-0.17;
5.03;6.85;-81.49;0.16;0.07;-0.17;
5.03;6.85;-81.49;0.16;0.07;-0.17;
2.19;0.59;-87.73;0.16;0.07;-0.17;
-1.07;-0.30;-88.89;0.16;0.07;-0.17;
-1.07;-0.30;-88.89;0.16;0.07;-0.17;
-1.07;-0.30;-88.89;0.16;0.07;-0.17;
5.61;0.92;-84.31;0.16;0.07;-0.17;
5.61;0.92;-84.31;0.16;0.07;-0.17;
5.61;0.92;-84.31;0.16;0.07;-0.17;
-0.40;0.26;-89.52;0.16;0.07;-0.17;
-2.87;-1.91;-86.55;0.16;0.07;-0.17;
-2.87;-1.91;-86.55;0.16;0.07;-0.17;
-0.03;0.63;-89.37;0.16;0.07;-0.17;
-0.03;0.63;-89.37;0.16;0.07;-0.17;
2.15;2.44;-86.75;0.16;0.07;-0.17;
-4.25;0.32;-85.73;0.16;0.07;-0.17;
-4.25;0.32;-85.73;0.16;0.07;-0.17;
-4.25;0.32;-85.73;0.16;0.07;-0.17;
-2.45;0.46;-87.51;0.16;0.08;-0.17;
-2.45;0.46;-87.51;0.16;0.08;-0.17;
-2.45;0.46;-87.51;0.16;0.08;-0.17;
0.46;-4.05;-85.93;0.16;0.07;-0.17;
0.46;-4.05;-85.93;0.16;0.07;-0.17;
0.46;-4.05;-85.93;0.17;0.07;-0.17;
9.21;0.36;-80.78;0.17;0.07;-0.17;
2.83;-4.04;-85.07;0.17;0.07;-0.17;
2.83;-4.04;-85.07;0.17;0.07;-0.17;
1.65;-0.03;-88.35;0.17;0.07;-0.17;
1.65;-0.03;-88.35;0.17;0.07;-0.17;
-1.33;-1.05;-88.31;0.17;0.07;-0.17;
-0.55;-4.00;-85.96;0.17;0.07;-0.17;
-0.55;-4.00;-85.96;0.17;0.07;-0.17;
-0.55;-4.00;-85.96;0.17;0.07;-0.17;
0.27;3.04;-86.95;0.17;0.08;-0.17;
0.27;3.04;-86.95;0.17;0.08;-0.17;
0.27;3.04;-86.95;0.17;0.08;-0.17;
-1.99;-1.86;-87.28;0.17;0.08;-0.17;
0.75;-0.27;-89.21;0.17;0.08;-0.17;
0.75;-0.27;-89.21;0.17;0.08;-0.17;
-0.65;1.05;-88.77;0.17;0.08;-0.17;
-0.65;1.05;-88.77;0.17;0.08;-0.17;
4.42;0.58;-85.54;0.17;0.08;-0.17;
3.33;-0.76;-86.59;0.17;0.08;-0.17;
3.33;-0.76;-86.59;0.17;0.08;-0.17;
3.33;-0.76;-86.59;0.17;0.08;-0.17;
0.17;3.12;-86.88;0.17;0.08;-0.17;
0.17;3.12;-86.88;0.17;0.08;-0.17;
0.17;3.12;-86.88;0.17;0.08;-0.17;
2.59;5.96;-83.49;0.17;0.08;-0.17;
-3.42;-0.38;-86.56;0.17;0.08;-0.17;
-3.42;-0.38;-86.56;0.17;0.07;-0.17;
4.58;-0.76;-85.36;0.17;0.07;-0.17;
4.58;-0.76;-85.36;0.17;0.08;-0.17;
4.75;-1.59;-84.99;0.17;0.08;-0.17;
4.75;-1.59;-84.99;0.17;0.08;-0.17;
4.75;-1.59;-84.99;0.17;0.08;-0.17;
4.75;-1.59;-84.99;0.17;0.08;-0.17;
-0.49;-0.98;-88.90;0.17;0.08;-0.17;
-0.49;-0.98;-88.90;0.17;0.08;-0.17;
1.44;-1.71;-87.76;0.17;0.08;-0.17;
6.52;3.75;-82.46;0.17;0.08;-0.17;
6.52;3.75;-82.46;0.17;0.08;-0.17;
5.57;1.45;-84.24;0.17;0.08;-0.17;
5.57;1.45;-84.24;0.17;0.08;-0.17;
-3.08;0.03;-86.92;0.17;0.07;-0.17;
-1.06;-1.43;-88.22;0.17;0.08;-0.17;
-1.06;-1.43;-88.22;0.17;0.08;-0.17;
-1.06;-1.43;-88.22;0.17;0.08;-0.17;
2.63;2.91;-86.07;0.17;0.07;-0.18;
2.63;2.91;-86.07;0.17;0.07;-0.18;
2.63;2.91;-86.07;0.17;0.07;-0.18;
3.87;-0.16;-86.12;0.17;0.07;-0.18;
0.59;1.02;-88.82;0.17;0.07;-0.18;
0.59;1.02;-88.82;0.17;0.07;-0.18;
2.68;1.39;-86.98;0.17;0.07;-0.18;
2.68;1.39;-86.98;0.17;0.07;-0.18;
0.95;-2.57;-87.26;0.17;0.07;-0.18;
2.77;-2.91;-85.98;0.17;0.07;-0.18;
2.77;-2.91;-85.98;0.17;0.07;-0.18;
2.77;-2.91;-85.98;0.17;0.07;-0.18;
0.31;-2.41;-87.57;0.17;0.06;-0.18;
0.31;-2.41;-87.57;0.17;0.06;-0.18;
0.31;-2.41;-87.57;0.17;0.06;-0.18;
-3.91;-0.61;-86.05;0.17;0.06;-0.18;
1.38;-3.19;-86.52;0.17;0.06;-0.18;
1.38;-3.19;-86.52;0.17;0.06;-0.18;
2.09;5.92;-83.72;0.17;0.06;-0.18;
2.09;5.92;-83.72;0.17;0.06;-0.18;
3.40;-2.45;-85.81;0.17;0.06;-0.18;
3.49;-1.45;-86.22;0.17;0.06;-0.18;
3.49;-1.45;-86.22;0.17;0.06;-0.18;
3.49;-1.45;-86.22;0.17;0.06;-0.18;
2.16;-0.64;-87.75;0.17;0.06;-0.18;
2.16;-0.64;-87.75;0.17;0.06;-0.18;
2.16;-0.64;-87.75;0.17;0.06;-0.18;
-1.32;-3.62;-86.14;0.17;0.06;-0.18;
2.84;-2.03;-86.51;0.17;0.06;-0.18;
2.84;-2.03;-86.51;0.17;0.06;-0.18;
2.35;5.45;-84.06;0.17;0.06;-0.18;
2.35;5.45;-84.06;0.17;0.06;-0.18;
2.15;4.75;-84.78;0.17;0.06;-0.18;
0.53;-0.25;-89.41;0.17;0.06;-0.18;
0.53;-0.25;-89.41;0.17;0.06;-0.18;
0.53;-0.25;-89.41;0.17;0.06;-0.18;
-4.07;-2.66;-85.14;0.17;0.07;-0.18;
-4.07;-2.66;-85.14;0.17;0.07;-0.18;
-4.07;-2.66;-85.14;0.17;0.07;-0.18;
0.38;2.21;-87.76;0.17;0.07;-0.18;
0.38;2.21;-87.76;0.17;0.07;-0.18;
0.38;2.21;-87.76;0.17;0.07;-0.18;
4.33;-2.78;-84.85;0.17;0.07;-0.18;
-2.05;0.43;-87.90;0.17;0.07;-0.18;
-2.05;0.43;-87.90;0.17;0.07;-0.18;
-0.84;1.50;-88.28;0.17;0.07;-0.18;
-0.84;1.50;-88.28;0.17;0.07;-0.18;
4.16;-0.35;-85.82;0.17;0.07;-0.18;
4.16;-0.35;-85.82;0.17;0.07;-0.18;
4.16;-0.35;-85.82;0.17;0.07;-0.18;
4.16;-0.35;-85.82;0.17;0.07;-0.18;
2.28;3.07;-86.17;0.17;0.07;-0.18;
2.28;3.07;-86.17;0.17;0.07;-0.18;
5.98;0.54;-84.00;0.17;0.07;-0.18;
5.98;0.54;-84.00;0.17;0.07;-0.18;
1.86;3.50;-86.03;0.17;0.07;-0.18;
5.77;1.79;-83.95;0.17;0.07;-0.18;
5.77;1.79;-83.95;0.17;0.07;-0.18;
5.77;1.79;-83.95;0.17;0.07;-0.18;
2.84;2.15;-86.44;0.18;0.07;-0.18;
2.84;2.15;-86.44;0.18;0.07;-0.18;
2.84;2.15;-86.44;0.18;0.07;-0.18;
1.02;0.23;-88.96;0.18;0.07;-0.18;
2.36;4.82;-84.63;0.18;0.08;-0.18;
2.36;4.82;-84.63;0.18;0.08;-0.18;
-0.83;2.53;-87.34;0.18;0.08;-0.18;
-0.83;2.53;-87.34;0.18;0.08;-0.18;
-0.17;0.64;-89.34;0.18;0.08;-0.18;
4.92;-1.19;-84.94;0.18;0.08;-0.18;
4.92;-1.19;-84.94;0.18;0.08;-0.18;
4.92;-1.19;-84.94;0.18;0.08;-0.18;
0.23;0.82;-89.15;0.18;0.08;-0.18;
0.23;0.82;-89.15;0.18;0.08;-0.18;
0.23;0.82;-89.15;0.18;0.08;-0.18;
6.07;4.64;-82.35;0.18;0.08;-0.18;
-6.72;-5.11;-81.54;0.18;0.08;-0.18;
-6.72;-5.11;-81.54;0.18;0.08;-0.18;
0.88;-4.17;-85.74;0.18;0.08;-0.18;
0.88;-4.17;-85.74;0.18;0.08;-0.18;
-7.04;-4.61;-81.57;0.18;0.08;-0.18;
2.05;0.63;-87.85;0.18;0.08;-0.18;
2.05;0.63;-87.85;0.18;0.08;-0.18;
2.05;0.63;-87.85;0.18;0.08;-0.18;
1.49;2.19;-87.35;0.18;0.08;-0.18;
1.49;2.19;-87.35;0.18;0.08;-0.18;
1.49;2.19;-87.35;0.18;0.08;-0.18;
4.84;-5.59;-82.59;0.18;0.08;-0.18;
1.93;2.41;-86.91;0.18;0.08;-0.18;
1.93;2.41;-86.91;0.18;0.08;-0.18;
0.47;1.49;-88.44;0.18;0.08;-0.18;
0.47;1.49;-88.44;0.18;0.08;-0.18;
0.64;-2.28;-87.64;0.18;0.08;-0.18;
2.59;0.80;-87.29;0.18;0.08;-0.18;
2.59;0.80;-87.29;0.18;0.08;-0.18;
2.59;0.80;-87.29;0.18;0.08;-0.18;
0.23;2.48;-87.51;0.18;0.08;-0.18;
0.23;2.48;-87.51;0.18;0.08;-0.18;
0.23;2.48;-87.51;0.18;0.08;-0.18;
2.22;2.81;-86.42;0.18;0.08;-0.18;
-0.03;1.05;-88.94;0.18;0.09;-0.18;
-0.03;1.05;-88.94;0.18;0.09;-0.18;
1.17;3.22;-86.57;0.18;0.09;-0.18;
1.17;3.22;-86.57;0.18;0.09;-0.18;
-2.47;-1.77;-86.96;0.18;0.08;-0.19;
-4.33;-3.59;-84.37;0.18;0.08;-0.19;
-4.33;-3.59;-84.37;0.18;0.08;-0.19;
-4.33;-3.59;-84.37;0.18;0.08;-0.19;
0.14;-3.51;-86.49;0.18;0.08;-0.19;
0.14;-3.51;-86.49;0.18;0.08;-0.19;
0.14;-3.51;-86.49;0.18;0.08;-0.19;
-2.95;-1.42;-86.73;0.18;0.08;-0.19;
3.83;2.63;-85.35;0.18;0.09;-0.19;
3.83;2.63;-85.35;0.18;0.09;-0.18;
2.08;-4.01;-85.48;0.18;0.09;-0.18;
2.08;-4.01;-85.48;0.18;0.09;-0.19;
0.23;0.31;-89.61;0.18;0.09;-0.19;
2.63;-1.92;-86.74;0.18;0.09;-0.19;
2.63;-1.92;-86.74;0.18;0.09;-0.19;
0.25;-0.49;-89.45;0.18;0.09;-0.19;
-0.63;1.88;-88.02;0.18;0.09;-0.19;
-0.63;1.88;-88.02;0.18;0.09;-0.19;
-0.63;1.88;-88.02;0.18;0.09;-0.19;
3.78;0.17;-86.21;0.18;0.09;-0.19;
3.78;0.17;-86.21;0.18;0.09;-0.19;
3.78;0.17;-86.21;0.18;0.09;-0.19;
1.45;-4.21;-85.55;0.18;0.09;-0.19;
-3.41;-2.00;-86.05;0.18;0.08;-0.19;
-3.41;-2.00;-86.05;0.18;0.08;-0.19;
2.99;-1.83;-86.49;0.18;0.08;-0.19;
2.99;-1.83;-86.49;0.18;0.08;-0.19;
2.09;-0.54;-87.84;0.18;0.08;-0.19;
2.09;-0.54;-87.84;0.18;0.08;-0.19;
2.09;-0.54;-87.84;0.18;0.08;-0.19;
2.09;-0.54;-87.84;0.18;0.08;-0.19;
0.25;3.63;-86.36;0.18;0.09;-0.19;
0.25;3.63;-86.36;0.18;0.09;-0.19;
4.03;0.28;-85.96;0.18;0.09;-0.19;
4.03;0.28;-85.96;0.18;0.09;-0.19;
3.59;-2.89;-85.39;0.18;0.09;-0.19;
0.12;-2.07;-87.93;0.18;0.09;-0.19;
0.12;-2.07;-87.93;0.18;0.09;-0.19;
0.12;-2.07;-87.93;0.18;0.09;-0.19;
2.66;3.84;-85.32;0.18;0.08;-0.19;
2.66;3.84;-85.32;0.18;0.08;-0.19;
2.66;3.84;-85.32;0.18;0.08;-0.19;
4.25;-1.75;-85.40;0.18;0.08;-0.19;
1.79;3.47;-86.10;0.18;0.08;-0.19;
1.79;3.47;-86.10;0.18;0.08;-0.19;
5.25;1.35;-84.58;0.18;0.08;-0.19;
5.25;1.35;-84.58;0.18;0.08;-0.19;
0.97;0.06;-89.03;0.18;0.08;-0.19;
6.10;-1.35;-83.75;0.18;0.08;-0.19;
6.10;-1.35;-83.75;0.18;0.08;-0.19;
6.10;-1.35;-83.75;0.18;0.08;-0.19;
3.84;3.27;-84.96;0.18;0.07;-0.19;
3.84;3.27;-84.96;0.18;0.07;-0.19;
3.84;3.27;-84.96;0.18;0.07;-0.19;
5.67;5.47;-82.11;0.18;0.07;-0.19;
-0.59;-1.33;-88.55;0.18;0.07;-0.19;
-0.59;-1.33;-88.55;0.18;0.07;-0.19;
6.52;-2.32;-83.08;0.18;0.07;-0.19;
6.52;-2.32;-83.08;0.18;0.07;-0.19;
-1.65;0.20;-88.34;0.18;0.07;-0.19;
5.08;2.87;-84.16;0.18;0.07;-0.19;
5.08;2.87;-84.16;0.18;0.07;-0.19;
5.08;2.87;-84.16;0.18;0.07;-0.19;
1.64;-3.48;-86.16;0.19;0.07;-0.19;
1.64;-3.48;-86.16;0.19;0.07;-0.19;
1.64;-3.48;-86.16;0.19;0.07;-0.19;
1.17;-3.66;-86.16;0.19;0.07;-0.19;
1.99;2.93;-86.46;0.18;0.07;-0.19;
1.99;2.93;-86.46;0.18;0.07;-0.19;
3.21;5.62;-83.52;0.18;0.07;-0.19;
3.21;5.62;-83.52;0.18;0.07;-0.19;
0.59;-1.07;-88.78;0.18;0.07;-0.19;
-1.30;2.91;-86.81;0.18;0.07;-0.19;
-1.30;2.91;-86.81;0.18;0.07;-0.19;
-1.30;2.91;-86.81;0.18;0.07;-0.19;
4.51;1.34;-85.29;0.18;0.07;-0.19;
4.51;1.34;-85.29;0.18;0.07;-0.19;
4.51;1.34;-85.29;0.18;0.07;-0.19;
1.06;2.81;-87.00;0.18;0.07;-0.19;
6.04;1.71;-83.72;0.19;0.06;-0.19;
6.04;1.71;-83.72;0.19;0.06;-0.19;
1.18;1.61;-88.00;0.19;0.06;-0.19;
1.18;1.61;-88.00;0.19;0.06;-0.19;
0.94;-0.30;-89.02;0.19;0.07;-0.19;
0.89;-0.70;-88.86;0.19;0.07;-0.19;
0.89;-0.70;-88.86;0.19;0.07;-0.19;
0.89;-0.70;-88.86;0.19;0.07;-0.19;
1.66;-0.98;-88.07;0.19;0.07;-0.19;
1.66;-0.98;-88.07;0.19;0.07;-0.19;
1.66;-0.98;-88.07;0.19;0.07;-0.19;
-2.89;1.07;-86.92;0.19;0.07;-0.19;
5.84;1.09;-84.06;0.19;0.07;-0.19;
5.84;1.09;-84.06;0.19;0.07;-0.19;
1.74;-2.59;-86.88;0.19;0.07;-0.19;
5.11;-0.20;-84.89;0.19;0.07;-0.19;
5.11;-0.20;-84.89;0.19;0.07;-0.19;
0.53;1.64;-88.28;0.19;0.07;-0.19;
0.53;1.64;-88.28;0.19;0.07;-0.19;
2.09;-1.83;-87.23;0.19;0.07;-0.19;
4.61;4.16;-83.78;0.19;0.07;-0.19;
4.61;4.16;-83.78;0.19;0.07;-0.19;
4.61;4.16;-83.78;0.19;0.07;-0.19;
4.92;1.54;-84.84;0.19;0.07;-0.19;
4.92;1.54;-84.84;0.19;0.07;-0.19;
4.92;1.54;-84.84;0.19;0.07;-0.19;
10.22;-0.11;-79.78;0.19;0.07;-0.19;
1.20;-3.23;-86.55;0.19;0.07;-0.19;
1.20;-3.23;-86.55;0.19;0.08;-0.19;
1.87;-3.48;-86.05;0.19;0.08;-0.19;
1.87;-3.48;-86.05;0.19;0.08;-0.19;
6.28;1.41;-83.56;0.19;0.08;-0.19;
6.44;-0.42;-83.55;0.19;0.08;-0.19;
6.44;-0.42;-83.55;0.19;0.08;-0.19;
6.44;-0.42;-83.55;0.19;0.08;-0.19;
4.39;1.85;-85.24;0.19;0.08;-0.19;
4.39;1.85;-85.24;0.19;0.08;-0.19;
4.39;1.85;-85.24;0.19;0.08;-0.19;
4.53;2.82;-84.66;0.19;0.08;-0.19;
-4.21;-2.62;-85.04;0.19;0.08;-0.19;
-4.21;-2.62;-85.04;0.19;0.08;-0.19;
0.68;-0.66;-89.05;0.19;0.08;-0.19;
0.68;-0.66;-89.05;0.19;0.08;-0.19;
5.96;1.20;-83.92;0.19;0.08;-0.19;
5.96;1.20;-83.92;0.19;0.08;-0.19;
5.96;1.20;-83.92;0.19;0.08;-0.19;
5.96;1.20;-83.92;0.19;0.08;-0.19;
0.79;-0.28;-89.16;0.19;0.07;-0.20;
0.79;-0.28;-89.16;0.19;0.07;-0.20;
-6.44;-6.62;-80.75;0.19;0.07;-0.20;
-6.44;-6.62;-80.75;0.19;0.07;-0.20;
0.26;-2.28;-87.70;0.19;0.08;-0.19;
-3.02;-2.69;-85.96;0.19;0.08;-0.19;
-3.02;-2.69;-85.96;0.19;0.08;-0.19;
-3.02;-2.69;-85.96;0.19;0.08;-0.19;
-1.23;0.03;-88.77;0.19;0.07;-0.19;
-1.23;0.03;-88.77;0.19;0.07;-0.19;
-1.23;0.03;-88.77;0.19;0.07;-0.19;
-1.23;0.03;-88.77;0.19;0.07;-0.19;
3.31;2.65;-85.76;0.19;0.07;-0.19;
3.31;2.65;-85.76;0.19;0.07;-0.19;
3.31;2.65;-85.76;0.19;0.07;-0.19;
3.76;0.73;-86.17;0.19;0.07;-0.19;
-3.10;-2.30;-86.14;0.19;0.08;-0.19;
-3.10;-2.30;-86.14;0.19;0.08;-0.19;
6.62;3.39;-82.56;0.19;0.08;-0.19;
0.67;0.32;-89.26;0.19;0.08;-0.19;
1.35;-1.13;-88.24;0.19;0.08;-0.19;
1.35;-1.13;-88.24;0.19;0.08;-0.19;
1.35;-1.13;-88.24;0.19;0.08;-0.19;
11.47;2.18;-78.32;0.19;0.08;-0.19;
11.47;2.18;-78.32;0.19;0.08;-0.19;
11.47;2.18;-78.32;0.19;0.08;-0.19;
11.47;2.18;-78.32;0.19;0.08;-0.19;
-0.23;1.78;-88.20;0.19;0.08;-0.19;
-0.23;1.78;-88.20;0.19;0.08;-0.19;
-0.23;1.78;-88.20;0.19;0.08;-0.19;
3.65;0.48;-86.32;0.19;0.08;-0.19;
-2.24;2.27;-86.81;0.19;0.08;-0.19;
3.02;-4.16;-84.86;0.19;0.08;-0.19;
3.02;-4.16;-84.86;0.19;0.08;-0.19;
3.02;-4.16;-84.86;0.19;0.08;-0.19;
3.57;2.38;-85.71;0.19;0.08;-0.19;
3.57;2.38;-85.71;0.19;0.08;-0.19;
3.57;2.38;-85.71;0.19;0.08;-0.19;
3.57;2.38;-85.71;0.19;0.08;-0.19;
-0.94;1.64;-88.10;0.19;0.08;-0.19;
-0.94;1.64;-88.10;0.19;0.08;-0.19;
6.52;1.24;-83.36;0.19;0.08;-0.19;
6.52;1.24;-83.36;0.19;0.08;-0.19;
4.51;-0.46;-85.46;0.19;0.08;-0.20;
3.74;0.45;-86.23;0.19;0.08;-0.20;
3.74;0.45;-86.23;0.19;0.08;-0.20;
3.74;0.45;-86.23;0.19;0.08;-0.20;
0.90;0.88;-88.74;0.19;0.07;-0.20;
0.90;0.88;-88.74;0.19;0.07;-0.20;
0.90;0.88;-88.74;0.19;0.07;-0.20;
4.79;6.23;-82.13;0.19;0.07;-0.20;
-1.37;-1.14;-88.22;0.19;0.07;-0.20;
-1.37;-1.14;-88.22;0.19;0.07;-0.20;
-1.75;1.52;-87.69;0.19;0.07;-0.20;
-1.75;1.52;-87.69;0.19;0.07;-0.20;
7.00;1.53;-82.83;0.19;0.07;-0.20;
-0.34;1.86;-88.11;0.19;0.07;-0.20;
-0.34;1.86;-88.11;0.19;0.07;-0.20;
-0.34;1.86;-88.11;0.19;0.07;-0.20;
8.15;2.33;-81.52;0.19;0.07;-0.20;
8.15;2.33;-81.52;0.19;0.07;-0.20;
8.15;2.33;-81.52;0.19;0.07;-0.20;
-0.03;0.18;-89.81;0.19;0.07;-0.20;
2.66;4.53;-84.74;0.20;0.07;-0.20;
2.66;4.53;-84.74;0.20;0.07;-0.20;
3.30;0.63;-86.63;0.20;0.07;-0.20;
3.30;0.63;-86.63;0.20;0.07;-0.20;
-1.80;1.13;-87.88;0.20;0.07;-0.20;
-0.14;2.74;-87.25;0.20;0.07;-0.20;
-0.14;2.74;-87.25;0.20;0.07;-0.20;
-0.14;2.74;-87.25;0.20;0.07;-0.20;
-1.09;2.21;-87.54;0.20;0.07;-0.20;
-1.09;2.21;-87.54;0.20;0.07;-0.20;
-1.09;2.21;-87.54;0.20;0.07;-0.20;
1.65;2.49;-87.01;0.20;0.07;-0.20;
-2.07;2.05;-87.09;0.20;0.07;-0.20;
-2.07;2.05;-87.09;0.20;0.07;-0.20;
3.74;0.53;-86.22;0.20;0.07;-0.20;
3.74;0.53;-86.22;0.20;0.07;-0.20;
0.89;-1.74;-88.05;0.20;0.08;-0.20;
6.45;0.73;-83.50;0.20;0.08;-0.20;
6.45;0.73;-83.50;0.20;0.08;-0.20;
6.45;0.73;-83.50;0.20;0.08;-0.20;
2.33;-2.59;-86.52;0.20;0.07;-0.20;
2.33;-2.59;-86.52;0.20;0.07;-0.20;
2.33;-2.59;-86.52;0.20;0.07;-0.20;
0.22;-1.11;-88.87;0.20;0.07;-0.20;
5.05;2.92;-84.16;0.20;0.08;-0.20;
5.05;2.92;-84.16;0.20;0.08;-0.20;
-1.46;-0.96;-88.25;0.20;0.08;-0.20;
-1.46;-0.96;-88.25;0.20;0.08;-0.20;
-0.82;0.50;-89.04;0.20;0.08;-0.20;
-0.82;0.50;-89.04;0.20;0.08;-0.20;
-0.82;0.50;-89.04;0.20;0.08;-0.20;
4.19;5.69;-82.93;0.20;0.08;-0.20;
4.19;5.69;-82.93;0.20;0.08;-0.20;
4.19;5.69;-82.93;0.20;0.08;-0.20;
4.19;5.69;-82.93;0.20;0.08;-0.20;
3.13;4.21;-84.75;0.20;0.07;-0.20;
3.13;4.21;-84.75;0.20;0.07;-0.20;
3.21;-0.52;-86.75;0.20;0.07;-0.20;
3.21;-0.52;-86.75;0.20;0.07;-0.20;
4.59;3.88;-83.98;0.20;0.08;-0.20;
7.15;2.51;-82.42;0.20;0.08;-0.20;
7.15;2.51;-82.42;0.20;0.08;-0.20;
7.15;2.51;-82.42;0.20;0.08;-0.20;
5.61;0.87;-84.32;0.20;0.08;-0.20;
5.61;0.87;-84.32;0.20;0.08;-0.20;
5.61;0.87;-84.32;0.20;0.08;-0.20;
5.61;0.87;-84.32;0.20;0.08;-0.20;
3.76;2.11;-85.68;0.20;0.07;-0.20;
3.76;2.11;-85.68;0.20;0.07;-0.20;
5.10;1.85;-84.57;0.20;0.07;-0.20;
5.10;1.85;-84.57;0.20;0.07;-0.20;
3.70;1.96;-85.81;0.20;0.07;-0.20;
4.37;-0.20;-85.63;0.20;0.07;-0.20;
4.37;-0.20;-85.63;0.20;0.07;-0.20;
4.37;-0.20;-85.63;0.20;0.07;-0.20;
1.25;-4.04;-85.77;0.20;0.07;-0.20;
1.25;-4.04;-85.77;0.20;0.07;-0.20;
1.25;-4.04;-85.77;0.20;0.08;-0.20;
1.13;3.08;-86.72;0.20;0.08;-0.20;
0.63;-1.50;-88.37;0.20;0.08;-0.20;
0.63;-1.50;-88.37;0.20;0.08;-0.20;
4.16;0.48;-85.81;0.20;0.08;-0.20;
4.16;0.48;-85.81;0.20;0.08;-0.20;
1.29;3.09;-86.66;0.20;0.08;-0.20;
3.46;2.19;-85.90;0.20;0.08;-0.20;
3.46;2.19;-85.90;0.20;0.08;-0.20;
3.46;2.19;-85.90;0.20;0.08;-0.20;
4.15;5.41;-83.17;0.20;0.08;-0.20;
4.15;5.41;-83.17;0.20;0.08;-0.20;
4.15;5.41;-83.17;0.20;0.08;-0.20;
4.37;2.94;-84.73;0.20;0.08;-0.20;
-2.99;-2.81;-85.89;0.20;0.08;-0.20;
-2.99;-2.81;-85.89;0.20;0.08;-0.20;
1.31;-0.33;-88.65;0.20;0.08;-0.20;
1.31;-0.33;-88.65;0.20;0.08;-0.20;
5.23;4.45;-83.12;0.20;0.08;-0.20;
-1.45;-1.28;-88.07;0.20;0.08;-0.20;
-1.45;-1.28;-88.07;0.20;0.08;-0.20;
-1.45;-1.28;-88.07;0.20;0.08;-0.20;
2.82;2.23;-86.40;0.20;0.08;-0.20;
2.82;2.23;-86.40;0.20;0.08;-0.20;
2.82;2.23;-86.40;0.20;0.08;-0.20;
2.46;0.90;-87.38;0.20;0.08;-0.20;
-1.61;-1.56;-87.76;0.20;0.08;-0.20;
-1.61;-1.56;-87.76;0.20;0.08;-0.20;
-3.21;-1.96;-86.24;0.20;0.08;-0.20;
-3.21;-1.96;-86.24;0.20;0.08;-0.20;
4.65;1.72;-85.04;0.20;0.08;-0.20;
-3.16;1.54;-86.49;0.20;0.08;-0.20;
-3.16;1.54;-86.49;0.20;0.08;-0.20;
-3.16;1.54;-86.49;0.20;0.08;-0.20;
-2.88;1.02;-86.95;0.20;0.08;-0.20;
-2.88;1.02;-86.95;0.20;0.08;-0.20;
-2.88;1.02;-86.95;0.20;0.08;-0.20;
-0.22;2.54;-87.45;0.20;0.08;-0.20;
-3.40;-2.54;-85.76;0.20;0.08;-0.20;
-3.40;-2.54;-85.76;0.20;0.08;-0.20;
4.16;-0.84;-85.76;0.20;0.08;-0.20;
-2.22;-1.75;-87.17;0.20;0.08;-0.20;
-2.22;-1.75;-87.17;0.20;0.08;-0.20;
1.84;2.07;-87.23;0.20;0.08;-0.20;
1.84;2.07;-87.23;0.20;0.08;-0.20;
2.38;-0.66;-87.53;0.20;0.09;-0.20;
2.38;-0.66;-87.53;0.20;0.09;-0.20;
2.38;-0.66;-87.53;0.20;0.09;-0.20;
2.38;-0.66;-87.53;0.20;0.09;-0.20;
1.90;-4.19;-85.40;0.20;0.08;-0.20;
1.90;-4.19;-85.40;0.20;0.08;-0.20;
1.90;-4.19;-85.40;0.20;0.08;-0.20;
0.85;1.62;-88.18;0.20;0.08;-0.20;
-2.66;2.05;-86.64;0.20;0.08;-0.20;
2.25;3.51;-85.83;0.20;0.08;-0.20;
2.25;3.51;-85.83;0.20;0.08;-0.20;
2.25;3.51;-85.83;0.20;0.08;-0.20;
1.04;2.96;-86.86;0.20;0.08;-0.20;
1.04;2.96;-86.86;0.20;0.08;-0.20;
1.04;2.96;-86.86;0.20;0.08;-0.20;
1.44;2.86;-86.80;0.20;0.08;-0.20;
4.36;5.89;-82.67;0.20;0.08;-0.20;
4.36;5.89;-82.67;0.20;0.08;-0.20;
1.52;3.04;-86.60;0.20;0.08;-0.20;
1.52;3.04;-86.60;0.20;0.08;-0.20;
0.52;-0.85;-89.00;0.20;0.08;-0.20;
2.48;-1.95;-86.84;0.20;0.08;-0.20;
2.48;-1.95;-86.84;0.21;0.08;-0.20;
2.48;-1.95;-86.84;0.21;0.08;-0.20;
5.82;3.69;-83.10;0.20;0.08;-0.20;
5.82;3.69;-83.10;0.20;0.08;-0.20;
5.82;3.69;-83.10;0.20;0.08;-0.20;
-0.51;1.49;-88.43;0.20;0.08;-0.20;
3.54;4.68;-84.12;0.20;0.08;-0.20;
3.54;4.68;-84.12;0.20;0.08;-0.20;
2.61;3.04;-86.00;0.20;0.08;-0.20;
2.61;3.04;-86.00;0.20;0.08;-0.20;
1.50;-2.81;-86.81;0.20;0.08;-0.21;
2.25;5.12;-84.40;0.20;0.08;-0.21;
2.25;5.12;-84.40;0.20;0.08;-0.21;
2.25;5.12;-84.40;0.20;0.08;-0.21;
-1.64;0.83;-88.16;0.20;0.08;-0.21;
-1.64;0.83;-88.16;0.20;0.08;-0.21;
-1.64;0.83;-88.16;0.20;0.08;-0.21;
2.24;3.92;-85.48;0.20;0.08;-0.21;
5.43;4.10;-83.19;0.20;0.08;-0.21;
5.43;4.10;-83.19;0.20;0.08;-0.21;
5.65;3.53;-83.33;0.20;0.08;-0.21;
5.65;3.53;-83.33;0.20;0.08;-0.21;
6.36;-0.08;-83.64;0.20;0.07;-0.21;
4.90;1.79;-84.78;0.20;0.07;-0.21;
4.90;1.79;-84.78;0.20;0.07;-0.21;
4.90;1.79;-84.78;0.20;0.07;-0.21;
-0.48;3.02;-86.94;0.20;0.08;-0.21;
-0.48;3.02;-86.94;0.20;0.08;-0.21;
-0.48;3.02;-86.94;0.20;0.08;-0.21;
1.94;1.63;-87.47;0.20;0.08;-0.21;
4.63;-0.90;-85.28;0.20;0.08;-0.21;
4.63;-0.90;-85.28;0.20;0.08;-0.21;
3.15;-1.89;-86.33;0.20;0.08;-0.21;
3.15;-1.89;-86.33;0.20;0.08;-0.21;
6.19;0.03;-83.81;0.20;0.08;-0.21;
5.12;3.92;-83.55;0.20;0.08;-0.21;
5.12;3.92;-83.55;0.20;0.08;-0.21;
5.12;3.92;-83.55;0.20;0.08;-0.21;
6.02;3.72;-82.91;0.20;0.08;-0.21;
6.02;3.72;-82.91;0.20;0.08;-0.21;
6.02;3.72;-82.91;0.20;0.08;-0.21;
1.62;3.35;-86.28;0.20;0.08;-0.21;
1.41;0.19;-88.57;0.20;0.08;-0.21;
1.41;0.19;-88.57;0.20;0.08;-0.21;
4.32;4.55;-83.72;0.20;0.08;-0.21;
4.32;4.55;-83.72;0.20;0.08;-0.21;
0.37;3.13;-86.85;0.20;0.08;-0.21;
2.05;5.09;-84.51;0.20;0.08;-0.21;
2.05;5.09;-84.51;0.20;0.08;-0.21;
2.05;5.09;-84.51;0.20;0.08;-0.21;
5.32;7.84;-80.51;0.20;0.08;-0.21;
5.32;7.84;-80.51;0.20;0.08;-0.21;
5.32;7.84;-80.51;0.20;0.08;-0.21;
1.25;2.88;-86.86;0.20;0.08;-0.21;
4.12;-1.17;-85.71;0.20;0.08;-0.20;
4.12;-1.17;-85.71;0.20;0.08;-0.20;
-2.69;-0.06;-87.31;0.20;0.08;-0.20;
-2.69;-0.06;-87.31;0.20;0.08;-0.20;
-2.30;-2.24;-86.79;0.20;0.08;-0.20;
-2.30;-2.24;-86.79;0.20;0.08;-0.20;
-2.30;-2.24;-86.79;0.20;0.08;-0.20;
-2.30;-2.24;-86.79;0.20;0.08;-0.20;
-2.98;3.92;-85.07;0.20;0.08;-0.21;
-2.98;3.92;-85.07;0.20;0.08;-0.21;
-2.98;3.92;-85.07;0.20;0.08;-0.21;
5.20;3.03;-83.98;0.20;0.08;-0.21;
3.26;6.64;-82.59;0.20;0.09;-0.21;
0.51;5.54;-84.44;0.20;0.09;-0.21;
0.51;5.54;-84.44;0.20;0.09;-0.21;
0.51;5.54;-84.44;0.20;0.09;-0.21;
2.52;0.38;-87.45;0.20;0.09;-0.21;
2.52;0.38;-87.45;0.20;0.09;-0.21;
2.52;0.38;-87.45;0.20;0.09;-0.21;
0.84;-0.47;-89.04;0.20;0.09;-0.21;
1.07;2.81;-87.00;0.20;0.09;-0.21;
1.07;2.81;-87.00;0.20;0.09;-0.21;
5.30;7.19;-81.05;0.20;0.09;-0.21;
5.30;7.19;-81.05;0.20;0.09;-0.21;
4.58;2.71;-84.67;0.20;0.09;-0.21;
-0.89;0.86;-88.76;0.20;0.09;-0.21;
-0.89;0.86;-88.76;0.20;0.09;-0.21;
-0.89;0.86;-88.76;0.20;0.09;-0.21;
4.96;2.48;-84.46;0.20;0.09;-0.20;
4.96;2.48;-84.46;0.20;0.09;-0.20;
4.96;2.48;-84.46;0.20;0.09;-0.20;
4.96;2.48;-84.46;0.20;0.09;-0.20;
-1.20;2.70;-87.05;0.20;0.09;-0.21;
-1.20;2.70;-87.05;0.20;0.09;-0.21;
2.53;4.96;-84.43;0.20;0.09;-0.21;
2.53;4.96;-84.43;0.20;0.09;-0.21;
3.44;-0.83;-86.46;0.20;0.09;-0.21;
2.40;-0.77;-87.48;0.20;0.09;-0.21;
2.40;-0.77;-87.48;0.20;0.09;-0.21;
2.40;-0.77;-87.48;0.20;0.09;-0.21;
-0.08;1.16;-88.84;0.20;0.09;-0.21;
-0.08;1.16;-88.84;0.20;0.09;-0.21;
-0.08;1.16;-88.84;0.20;0.09;-0.21;
-2.91;-4.20;-84.89;0.21;0.09;-0.21;
-2.91;-4.20;-84.89;0.21;0.09;-0.21;
-2.91;-4.20;-84.89;0.21;0.09;-0.21;
3.16;-0.13;-86.84;0.21;0.09;-0.21;
8.61;2.55;-81.02;0.21;0.09;-0.21;
8.61;2.55;-81.02;0.21;0.09;-0.21;
3.16;-0.35;-86.82;0.21;0.09;-0.21;
3.16;-0.35;-86.82;0.21;0.09;-0.21;
4.24;5.45;-83.09;0.21;0.09;-0.21;
1.41;-1.02;-88.26;0.21;0.09;-0.21;
1.41;-1.02;-88.26;0.21;0.09;-0.21;
1.41;-1.02;-88.26;0.21;0.09;-0.21;
1.82;4.23;-85.39;0.21;0.09;-0.21;
1.82;4.23;-85.39;0.21;0.09;-0.21;
1.82;4.23;-85.39;0.21;0.09;-0.21;
0.64;0.53;-89.17;0.21;0.09;-0.21;
4.39;3.00;-84.68;0.20;0.09;-0.21;
4.39;3.00;-84.68;0.20;0.09;-0.21;
2.41;0.98;-87.39;0.20;0.09;-0.21;
2.41;0.98;-87.39;0.20;0.09;-0.21;
4.33;7.32;-81.48;0.20;0.09;-0.20;
4.33;7.32;-81.48;0.20;0.09;-0.20;
4.33;7.32;-81.48;0.20;0.09;-0.20;
4.33;7.32;-81.48;0.20;0.09;-0.20;
0.96;3.46;-86.41;0.20;0.10;-0.21;
0.96;3.46;-86.41;0.20;0.10;-0.21;
0.96;3.46;-86.41;0.20;0.10;-0.21;
6.05;2.67;-83.38;0.20;0.10;-0.21;
6.18;2.29;-83.41;0.20;0.10;-0.21;
6.18;2.29;-83.41;0.20;0.10;-0.21;
0.52;-3.08;-86.88;0.20;0.10;-0.21;
0.52;-3.08;-86.88;0.20;0.10;-0.21;
3.57;-0.26;-86.42;0.20;0.10;-0.21;
3.57;-0.26;-86.42;0.20;0.10;-0.21;
3.57;-0.26;-86.42;0.20;0.10;-0.21;
3.57;-0.26;-86.42;0.20;0.10;-0.21;
-0.47;3.11;-86.86;0.20;0.10;-0.21;
-0.47;3.11;-86.86;0.20;0.10;-0.21;
0.78;-0.81;-88.87;0.20;0.10;-0.21;
0.78;-0.81;-88.87;0.20;0.10;-0.21;
1.90;1.96;-87.27;0.20;0.10;-0.21;
6.10;1.91;-83.61;0.20;0.10;-0.21;
6.10;1.91;-83.61;0.20;0.10;-0.21;
6.10;1.91;-83.61;0.20;0.10;-0.21;
1.50;-2.33;-87.23;0.20;0.10;-0.21;
1.50;-2.33;-87.23;0.20;0.10;-0.21;
1.50;-2.33;-87.23;0.20;0.10;-0.21;
2.22;0.69;-87.68;0.20;0.10;-0.21;
4.56;3.23;-84.41;0.20;0.10;-0.21;
4.56;3.23;-84.41;0.20;0.10;-0.21;
3.74;1.43;-85.99;0.20;0.10;-0.21;
3.74;1.43;-85.99;0.20;0.10;-0.21;
0.51;1.40;-88.51;0.20;0.11;-0.21;
0.77;4.33;-85.60;0.20;0.11;-0.21;
0.77;4.33;-85.60;0.20;0.10;-0.21;
0.77;4.33;-85.60;0.20;0.10;-0.21;
3.02;-0.33;-86.96;0.20;0.11;-0.21;
3.02;-0.33;-86.96;0.20;0.11;-0.21;
3.02;-0.33;-86.96;0.20;0.11;-0.21;
-0.03;0.26;-89.74;0.20;0.11;-0.21;
3.48;2.12;-85.92;0.20;0.11;-0.21;
3.48;2.12;-85.92;0.20;0.11;-0.21;
1.88;-1.97;-87.28;0.20;0.11;-0.21;
1.88;-1.97;-87.28;0.20;0.11;-0.21;
-0.14;2.26;-87.73;0.20;0.11;-0.21;
2.70;0.57;-87.24;0.20;0.11;-0.21;
2.70;0.57;-87.24;0.20;0.11;-0.21;
2.70;0.57;-87.24;0.20;0.11;-0.21;
2.10;2.57;-86.68;0.20;0.11;-0.21;
2.10;2.57;-86.68;0.20;0.11;-0.21;
2.10;2.57;-86.68;0.20;0.11;-0.21;
6.33;1.63;-83.47;0.20;0.11;-0.21;
3.18;-0.45;-86.79;0.20;0.11;-0.21;
3.18;-0.45;-86.79;0.20;0.11;-0.21;
-0.34;3.16;-86.82;0.20;0.11;-0.21;
-0.34;3.16;-86.82;0.20;0.11;-0.21;
1.81;-1.01;-87.92;0.20;0.11;-0.21;
0.20;-2.01;-87.98;0.20;0.11;-0.21;
0.20;-2.01;-87.98;0.20;0.11;-0.21;
0.20;-2.01;-87.98;0.20;0.11;-0.21;
-1.53;-0.42;-88.41;0.20;0.11;-0.21;
-1.53;-0.42;-88.41;0.20;0.11;-0.21;
-1.53;-0.42;-88.41;0.20;0.11;-0.21;
0.57;2.35;-87.58;0.20;0.11;-0.21;
0.85;-4.27;-85.65;0.20;0.11;-0.21;
0.85;-4.27;-85.65;0.20;0.11;-0.21;
-1.19;-0.20;-88.80;0.20;0.11;-0.21;
2.82;-0.76;-87.08;0.21;0.11;-0.21;
2.82;-0.76;-87.08;0.21;0.11;-0.21;
-2.75;-0.92;-87.10;0.21;0.11;-0.21;
-2.75;-0.92;-87.10;0.21;0.11;-0.21;
4.93;4.45;-83.35;0.20;0.11;-0.21;
2.29;4.21;-85.21;0.20;0.11;-0.21;
2.29;4.21;-85.21;0.20;0.11;-0.21;
2.29;4.21;-85.21;0.20;0.11;-0.21;
1.75;0.70;-88.11;0.20;0.11;-0.21;
1.75;0.70;-88.11;0.20;0.11;-0.21;